2026-01-05T09:03:34.659+05:30  INFO 14607 --- [notification-service] [main] c.n.NotificationServiceApplication       : No active profile set, falling back to 1 default profile: "default"
2026-01-05T09:03:35.131+05:30 DEBUG 14607 --- [notification-service] [main] o.s.c.openfeign.FeignClientsRegistrar$1  : Identified candidate component class: file [/Users/sujaynimmagadda/Documents/workspace-spring-tools-for-eclipse-4.32.2 2.RELEASE/ticket-management-system/notification-service/target/classes/com/notification/client/TicketServiceClient.class]
2026-01-05T09:03:35.348+05:30  INFO 14607 --- [notification-service] [main] .s.d.r.c.RepositoryConfigurationDelegate : Bootstrapping Spring Data JPA repositories in DEFAULT mode.
2026-01-05T09:03:35.475+05:30  INFO 14607 --- [notification-service] [main] .s.d.r.c.RepositoryConfigurationDelegate : Finished Spring Data repository scanning in 120 ms. Found 1 JPA repository interface.
2026-01-05T09:03:35.766+05:30  INFO 14607 --- [notification-service] [main] o.s.cloud.context.scope.GenericScope     : BeanFactory id=3b89d4b1-547b-32f2-bcac-6f6423032221
2026-01-05T09:03:36.021+05:30  WARN 14607 --- [notification-service] [main] trationDelegate$BeanPostProcessorChecker : Bean 'org.springframework.cloud.client.loadbalancer.LoadBalancerAutoConfiguration$RetryInterceptorAutoConfiguration' of type [org.springframework.cloud.client.loadbalancer.LoadBalancerAutoConfiguration$RetryInterceptorAutoConfiguration] is not eligible for getting processed by all BeanPostProcessors (for example: not eligible for auto-proxying). The currently created BeanPostProcessor [lbRestClientPostProcessor] is declared through a non-static factory method on that class; consider declaring it as static instead.
2026-01-05T09:03:36.028+05:30  WARN 14607 --- [notification-service] [main] trationDelegate$BeanPostProcessorChecker : Bean 'org.springframework.cloud.loadbalancer.config.BlockingLoadBalancerClientAutoConfiguration' of type [org.springframework.cloud.loadbalancer.config.BlockingLoadBalancerClientAutoConfiguration] is not eligible for getting processed by all BeanPostProcessors (for example: not eligible for auto-proxying). Is this bean getting eagerly injected into a currently created BeanPostProcessor [lbRestClientPostProcessor]? Check the corresponding BeanPostProcessor declaration and its dependencies.
2026-01-05T09:03:36.032+05:30  WARN 14607 --- [notification-service] [main] trationDelegate$BeanPostProcessorChecker : Bean 'org.springframework.cloud.loadbalancer.config.LoadBalancerAutoConfiguration' of type [org.springframework.cloud.loadbalancer.config.LoadBalancerAutoConfiguration] is not eligible for getting processed by all BeanPostProcessors (for example: not eligible for auto-proxying). Is this bean getting eagerly injected into a currently created BeanPostProcessor [lbRestClientPostProcessor]? Check the corresponding BeanPostProcessor declaration and its dependencies.
2026-01-05T09:03:36.043+05:30  WARN 14607 --- [notification-service] [main] trationDelegate$BeanPostProcessorChecker : Bean 'org.springframework.cloud.commons.config.CommonsConfigAutoConfiguration' of type [org.springframework.cloud.commons.config.CommonsConfigAutoConfiguration] is not eligible for getting processed by all BeanPostProcessors (for example: not eligible for auto-proxying). Is this bean getting eagerly injected into a currently created BeanPostProcessor [lbRestClientPostProcessor]? Check the corresponding BeanPostProcessor declaration and its dependencies.
2026-01-05T09:03:36.047+05:30  WARN 14607 --- [notification-service] [main] trationDelegate$BeanPostProcessorChecker : Bean 'org.springframework.cloud.client.loadbalancer.LoadBalancerDefaultMappingsProviderAutoConfiguration' of type [org.springframework.cloud.client.loadbalancer.LoadBalancerDefaultMappingsProviderAutoConfiguration] is not eligible for getting processed by all BeanPostProcessors (for example: not eligible for auto-proxying). Is this bean getting eagerly injected into a currently created BeanPostProcessor [lbRestClientPostProcessor]? Check the corresponding BeanPostProcessor declaration and its dependencies.
2026-01-05T09:03:36.049+05:30  WARN 14607 --- [notification-service] [main] trationDelegate$BeanPostProcessorChecker : Bean 'loadBalancerClientsDefaultsMappingsProvider' of type [org.springframework.cloud.client.loadbalancer.LoadBalancerDefaultMappingsProviderAutoConfiguration$$Lambda$693/0x000000700150e7b8] is not eligible for getting processed by all BeanPostProcessors (for example: not eligible for auto-proxying). Is this bean getting eagerly injected into a currently created BeanPostProcessor [lbRestClientPostProcessor]? Check the corresponding BeanPostProcessor declaration and its dependencies.
2026-01-05T09:03:36.054+05:30  WARN 14607 --- [notification-service] [main] trationDelegate$BeanPostProcessorChecker : Bean 'defaultsBindHandlerAdvisor' of type [org.springframework.cloud.commons.config.DefaultsBindHandlerAdvisor] is not eligible for getting processed by all BeanPostProcessors (for example: not eligible for auto-proxying). Is this bean getting eagerly injected into a currently created BeanPostProcessor [lbRestClientPostProcessor]? Check the corresponding BeanPostProcessor declaration and its dependencies.
2026-01-05T09:03:36.061+05:30  WARN 14607 --- [notification-service] [main] trationDelegate$BeanPostProcessorChecker : Bean 'spring.cloud.loadbalancer-org.springframework.cloud.client.loadbalancer.LoadBalancerClientsProperties' of type [org.springframework.cloud.client.loadbalancer.LoadBalancerClientsProperties] is not eligible for getting processed by all BeanPostProcessors (for example: not eligible for auto-proxying). Is this bean getting eagerly injected into a currently created BeanPostProcessor [lbRestClientPostProcessor]? Check the corresponding BeanPostProcessor declaration and its dependencies.
2026-01-05T09:03:36.071+05:30  WARN 14607 --- [notification-service] [main] trationDelegate$BeanPostProcessorChecker : Bean 'default.org.springframework.cloud.loadbalancer.config.LoadBalancerAutoConfiguration.LoadBalancerClientSpecification' of type [org.springframework.cloud.loadbalancer.annotation.LoadBalancerClientSpecification] is not eligible for getting processed by all BeanPostProcessors (for example: not eligible for auto-proxying). Is this bean getting eagerly injected into a currently created BeanPostProcessor [lbRestClientPostProcessor]? Check the corresponding BeanPostProcessor declaration and its dependencies.
2026-01-05T09:03:36.076+05:30  WARN 14607 --- [notification-service] [main] trationDelegate$BeanPostProcessorChecker : Bean 'default.org.springframework.cloud.loadbalancer.config.BlockingLoadBalancerClientAutoConfiguration.LoadBalancerClientSpecification' of type [org.springframework.cloud.loadbalancer.annotation.LoadBalancerClientSpecification] is not eligible for getting processed by all BeanPostProcessors (for example: not eligible for auto-proxying). Is this bean getting eagerly injected into a currently created BeanPostProcessor [lbRestClientPostProcessor]? Check the corresponding BeanPostProcessor declaration and its dependencies.
2026-01-05T09:03:36.077+05:30  WARN 14607 --- [notification-service] [main] trationDelegate$BeanPostProcessorChecker : Bean 'default.org.springframework.cloud.netflix.eureka.loadbalancer.LoadBalancerEurekaAutoConfiguration.LoadBalancerClientSpecification' of type [org.springframework.cloud.loadbalancer.annotation.LoadBalancerClientSpecification] is not eligible for getting processed by all BeanPostProcessors (for example: not eligible for auto-proxying). Is this bean getting eagerly injected into a currently created BeanPostProcessor [lbRestClientPostProcessor]? Check the corresponding BeanPostProcessor declaration and its dependencies.
2026-01-05T09:03:36.078+05:30  WARN 14607 --- [notification-service] [main] trationDelegate$BeanPostProcessorChecker : Bean 'loadBalancerClientFactory' of type [org.springframework.cloud.loadbalancer.support.LoadBalancerClientFactory] is not eligible for getting processed by all BeanPostProcessors (for example: not eligible for auto-proxying). Is this bean getting eagerly injected into a currently created BeanPostProcessor [lbRestClientPostProcessor]? Check the corresponding BeanPostProcessor declaration and its dependencies.
2026-01-05T09:03:36.095+05:30  WARN 14607 --- [notification-service] [main] trationDelegate$BeanPostProcessorChecker : Bean 'blockingLoadBalancerClient' of type [org.springframework.cloud.loadbalancer.blocking.client.BlockingLoadBalancerClient] is not eligible for getting processed by all BeanPostProcessors (for example: not eligible for auto-proxying). Is this bean getting eagerly injected into a currently created BeanPostProcessor [lbRestClientPostProcessor]? Check the corresponding BeanPostProcessor declaration and its dependencies.
2026-01-05T09:03:36.107+05:30  WARN 14607 --- [notification-service] [main] trationDelegate$BeanPostProcessorChecker : Bean 'loadBalancerServiceInstanceCookieTransformer' of type [org.springframework.cloud.loadbalancer.core.LoadBalancerServiceInstanceCookieTransformer] is not eligible for getting processed by all BeanPostProcessors (for example: not eligible for auto-proxying). Is this bean getting eagerly injected into a currently created BeanPostProcessor [lbRestClientPostProcessor]? Check the corresponding BeanPostProcessor declaration and its dependencies.
2026-01-05T09:03:36.110+05:30  WARN 14607 --- [notification-service] [main] trationDelegate$BeanPostProcessorChecker : Bean 'xForwarderHeadersTransformer' of type [org.springframework.cloud.loadbalancer.blocking.XForwardedHeadersTransformer] is not eligible for getting processed by all BeanPostProcessors (for example: not eligible for auto-proxying). Is this bean getting eagerly injected into a currently created BeanPostProcessor [lbRestClientPostProcessor]? Check the corresponding BeanPostProcessor declaration and its dependencies.
2026-01-05T09:03:36.111+05:30  WARN 14607 --- [notification-service] [main] trationDelegate$BeanPostProcessorChecker : Bean 'org.springframework.cloud.client.loadbalancer.LoadBalancerAutoConfiguration' of type [org.springframework.cloud.client.loadbalancer.LoadBalancerAutoConfiguration] is not eligible for getting processed by all BeanPostProcessors (for example: not eligible for auto-proxying). Is this bean getting eagerly injected into a currently created BeanPostProcessor [lbRestClientPostProcessor]? Check the corresponding BeanPostProcessor declaration and its dependencies.
2026-01-05T09:03:36.115+05:30  WARN 14607 --- [notification-service] [main] trationDelegate$BeanPostProcessorChecker : Bean 'loadBalancerRequestFactory' of type [org.springframework.cloud.client.loadbalancer.LoadBalancerRequestFactory] is not eligible for getting processed by all BeanPostProcessors (for example: not eligible for auto-proxying). Is this bean getting eagerly injected into a currently created BeanPostProcessor [lbRestClientPostProcessor]? Check the corresponding BeanPostProcessor declaration and its dependencies.
2026-01-05T09:03:36.119+05:30  WARN 14607 --- [notification-service] [main] trationDelegate$BeanPostProcessorChecker : Bean 'org.springframework.cloud.loadbalancer.config.BlockingLoadBalancerClientAutoConfiguration$BlockingLoadBalancerRetryConfig' of type [org.springframework.cloud.loadbalancer.config.BlockingLoadBalancerClientAutoConfiguration$BlockingLoadBalancerRetryConfig$$SpringCGLIB$$0] is not eligible for getting processed by all BeanPostProcessors (for example: not eligible for auto-proxying). Is this bean getting eagerly injected into a currently created BeanPostProcessor [lbRestClientPostProcessor]? Check the corresponding BeanPostProcessor declaration and its dependencies.
2026-01-05T09:03:36.126+05:30  WARN 14607 --- [notification-service] [main] trationDelegate$BeanPostProcessorChecker : Bean 'loadBalancedRetryFactory' of type [org.springframework.cloud.loadbalancer.blocking.retry.BlockingLoadBalancedRetryFactory] is not eligible for getting processed by all BeanPostProcessors (for example: not eligible for auto-proxying). Is this bean getting eagerly injected into a currently created BeanPostProcessor [lbRestClientPostProcessor]? Check the corresponding BeanPostProcessor declaration and its dependencies.
2026-01-05T09:03:36.131+05:30  WARN 14607 --- [notification-service] [main] trationDelegate$BeanPostProcessorChecker : Bean 'loadBalancerInterceptor' of type [org.springframework.cloud.client.loadbalancer.RetryLoadBalancerInterceptor] is not eligible for getting processed by all BeanPostProcessors (for example: not eligible for auto-proxying). Is this bean getting eagerly injected into a currently created BeanPostProcessor [lbRestClientPostProcessor]? Check the corresponding BeanPostProcessor declaration and its dependencies.
2026-01-05T09:03:36.408+05:30  INFO 14607 --- [notification-service] [main] o.s.b.w.embedded.tomcat.TomcatWebServer  : Tomcat initialized with port 8084 (http)
2026-01-05T09:03:36.414+05:30  INFO 14607 --- [notification-service] [main] o.apache.catalina.core.StandardService   : Starting service [Tomcat]
2026-01-05T09:03:36.414+05:30  INFO 14607 --- [notification-service] [main] o.apache.catalina.core.StandardEngine    : Starting Servlet engine: [Apache Tomcat/10.1.16]
2026-01-05T09:03:36.458+05:30  INFO 14607 --- [notification-service] [main] o.a.c.c.C.[Tomcat].[localhost].[/]       : Initializing Spring embedded WebApplicationContext
2026-01-05T09:03:36.458+05:30  INFO 14607 --- [notification-service] [main] w.s.c.ServletWebServerApplicationContext : Root WebApplicationContext: initialization completed in 1780 ms
2026-01-05T09:03:36.618+05:30  INFO 14607 --- [notification-service] [main] o.hibernate.jpa.internal.util.LogHelper  : HHH000204: Processing PersistenceUnitInfo [name: default]
2026-01-05T09:03:36.660+05:30  INFO 14607 --- [notification-service] [main] org.hibernate.Version                    : HHH000412: Hibernate ORM core version 6.3.1.Final
2026-01-05T09:03:36.683+05:30  INFO 14607 --- [notification-service] [main] o.h.c.internal.RegionFactoryInitiator    : HHH000026: Second-level cache disabled
2026-01-05T09:03:36.867+05:30  INFO 14607 --- [notification-service] [main] o.s.o.j.p.SpringPersistenceUnitInfo      : No LoadTimeWeaver setup: ignoring JPA class transformer
2026-01-05T09:03:36.887+05:30  INFO 14607 --- [notification-service] [main] com.zaxxer.hikari.HikariDataSource       : HikariPool-1 - Starting...
2026-01-05T09:03:36.953+05:30  INFO 14607 --- [notification-service] [main] com.zaxxer.hikari.pool.HikariPool        : HikariPool-1 - Added connection org.postgresql.jdbc.PgConnection@5308e79d
2026-01-05T09:03:36.955+05:30  INFO 14607 --- [notification-service] [main] com.zaxxer.hikari.HikariDataSource       : HikariPool-1 - Start completed.
2026-01-05T09:03:36.989+05:30  WARN 14607 --- [notification-service] [main] org.hibernate.orm.deprecation            : HHH90000025: PostgreSQLDialect does not need to be specified explicitly using 'hibernate.dialect' (remove the property setting and it will be selected by default)
2026-01-05T09:03:37.699+05:30  INFO 14607 --- [notification-service] [main] o.h.e.t.j.p.i.JtaPlatformInitiator       : HHH000489: No JTA platform available (set 'hibernate.transaction.jta.platform' to enable JTA platform integration)
2026-01-05T09:03:37.770+05:30  INFO 14607 --- [notification-service] [main] j.LocalContainerEntityManagerFactoryBean : Initialized JPA EntityManagerFactory for persistence unit 'default'
2026-01-05T09:03:38.162+05:30  INFO 14607 --- [notification-service] [main] o.s.d.j.r.query.QueryEnhancerFactory     : Hibernate is in classpath; If applicable, HQL parser will be used.
2026-01-05T09:03:38.461+05:30 DEBUG 14607 --- [notification-service] [main] o.s.c.openfeign.FeignClientFactoryBean   : Creating a FeignClientFactoryBean.
2026-01-05T09:03:38.561+05:30  WARN 14607 --- [notification-service] [main] JpaBaseConfiguration$JpaWebConfiguration : spring.jpa.open-in-view is enabled by default. Therefore, database queries may be performed during view rendering. Explicitly configure spring.jpa.open-in-view to disable this warning
2026-01-05T09:03:40.210+05:30  INFO 14607 --- [notification-service] [main] DiscoveryClientOptionalArgsConfiguration : Eureka HTTP Client uses RestTemplate.
2026-01-05T09:03:40.277+05:30  WARN 14607 --- [notification-service] [main] iguration$LoadBalancerCaffeineWarnLogger : Spring Cloud LoadBalancer is currently working with the default cache. While this cache implementation is useful for development and tests, it's recommended to use Caffeine cache in production.You can switch to using Caffeine cache, by adding it and org.springframework.cache.caffeine.CaffeineCacheManager to the classpath.
2026-01-05T09:03:40.312+05:30 DEBUG 14607 --- [notification-service] [main] o.s.a.r.l.SimpleMessageListenerContainer : No global properties bean
2026-01-05T09:03:40.313+05:30 DEBUG 14607 --- [notification-service] [main] o.s.a.r.l.SimpleMessageListenerContainer : Could not enable micrometer timers

java.lang.IllegalStateException: No micrometer registry present (or more than one and there is not exactly one marked with @Primary)
	at org.springframework.amqp.rabbit.listener.MicrometerHolder.<init>(MicrometerHolder.java:64) ~[spring-rabbit-3.1.0.jar:3.1.0]
	at org.springframework.amqp.rabbit.listener.ObservableListenerContainer.checkMicrometer(ObservableListenerContainer.java:107) ~[spring-rabbit-3.1.0.jar:3.1.0]
	at org.springframework.amqp.rabbit.listener.AbstractMessageListenerContainer.afterPropertiesSet(AbstractMessageListenerContainer.java:1196) ~[spring-rabbit-3.1.0.jar:3.1.0]
	at org.springframework.amqp.rabbit.listener.RabbitListenerEndpointRegistry.createListenerContainer(RabbitListenerEndpointRegistry.java:184) ~[spring-rabbit-3.1.0.jar:3.1.0]
	at org.springframework.amqp.rabbit.listener.RabbitListenerEndpointRegistry.registerListenerContainer(RabbitListenerEndpointRegistry.java:152) ~[spring-rabbit-3.1.0.jar:3.1.0]
	at org.springframework.amqp.rabbit.listener.RabbitListenerEndpointRegistry.registerListenerContainer(RabbitListenerEndpointRegistry.java:126) ~[spring-rabbit-3.1.0.jar:3.1.0]
	at org.springframework.amqp.rabbit.listener.RabbitListenerEndpointRegistrar.registerAllEndpoints(RabbitListenerEndpointRegistrar.java:194) ~[spring-rabbit-3.1.0.jar:3.1.0]
	at org.springframework.amqp.rabbit.listener.RabbitListenerEndpointRegistrar.afterPropertiesSet(RabbitListenerEndpointRegistrar.java:184) ~[spring-rabbit-3.1.0.jar:3.1.0]
	at org.springframework.amqp.rabbit.annotation.RabbitListenerAnnotationBeanPostProcessor.afterSingletonsInstantiated(RabbitListenerAnnotationBeanPostProcessor.java:290) ~[spring-rabbit-3.1.0.jar:3.1.0]
	at org.springframework.beans.factory.support.DefaultListableBeanFactory.preInstantiateSingletons(DefaultListableBeanFactory.java:984) ~[spring-beans-6.1.1.jar:6.1.1]
	at org.springframework.context.support.AbstractApplicationContext.finishBeanFactoryInitialization(AbstractApplicationContext.java:946) ~[spring-context-6.1.1.jar:6.1.1]
	at org.springframework.context.support.AbstractApplicationContext.refresh(AbstractApplicationContext.java:616) ~[spring-context-6.1.1.jar:6.1.1]
	at org.springframework.boot.web.servlet.context.ServletWebServerApplicationContext.refresh(ServletWebServerApplicationContext.java:146) ~[spring-boot-3.2.0.jar:3.2.0]
	at org.springframework.boot.SpringApplication.refresh(SpringApplication.java:753) ~[spring-boot-3.2.0.jar:3.2.0]
	at org.springframework.boot.SpringApplication.refreshContext(SpringApplication.java:455) ~[spring-boot-3.2.0.jar:3.2.0]
	at org.springframework.boot.SpringApplication.run(SpringApplication.java:323) ~[spring-boot-3.2.0.jar:3.2.0]
	at org.springframework.boot.SpringApplication.run(SpringApplication.java:1342) ~[spring-boot-3.2.0.jar:3.2.0]
	at org.springframework.boot.SpringApplication.run(SpringApplication.java:1331) ~[spring-boot-3.2.0.jar:3.2.0]
	at com.notification.NotificationServiceApplication.main(NotificationServiceApplication.java:18) ~[classes/:na]

2026-01-05T09:03:40.328+05:30  INFO 14607 --- [notification-service] [main] o.s.c.n.eureka.InstanceInfoFactory       : Setting initial instance status as: STARTING
2026-01-05T09:03:40.380+05:30  INFO 14607 --- [notification-service] [main] com.netflix.discovery.DiscoveryClient    : Initializing Eureka in region us-east-1
2026-01-05T09:03:40.383+05:30  INFO 14607 --- [notification-service] [main] c.n.d.s.r.aws.ConfigClusterResolver      : Resolving eureka endpoints via configuration
2026-01-05T09:03:40.398+05:30  INFO 14607 --- [notification-service] [main] com.netflix.discovery.DiscoveryClient    : Disable delta property : false
2026-01-05T09:03:40.398+05:30  INFO 14607 --- [notification-service] [main] com.netflix.discovery.DiscoveryClient    : Single vip registry refresh property : null
2026-01-05T09:03:40.398+05:30  INFO 14607 --- [notification-service] [main] com.netflix.discovery.DiscoveryClient    : Force full registry fetch : false
2026-01-05T09:03:40.398+05:30  INFO 14607 --- [notification-service] [main] com.netflix.discovery.DiscoveryClient    : Application is null : false
2026-01-05T09:03:40.398+05:30  INFO 14607 --- [notification-service] [main] com.netflix.discovery.DiscoveryClient    : Registered Applications size is zero : true
2026-01-05T09:03:40.398+05:30  INFO 14607 --- [notification-service] [main] com.netflix.discovery.DiscoveryClient    : Application version is -1: true
2026-01-05T09:03:40.398+05:30  INFO 14607 --- [notification-service] [main] com.netflix.discovery.DiscoveryClient    : Getting all instance registry info from the eureka server
2026-01-05T09:03:40.512+05:30  INFO 14607 --- [notification-service] [main] com.netflix.discovery.DiscoveryClient    : The response status is 200
2026-01-05T09:03:40.513+05:30  INFO 14607 --- [notification-service] [main] com.netflix.discovery.DiscoveryClient    : Starting heartbeat executor: renew interval is: 30
2026-01-05T09:03:40.515+05:30  INFO 14607 --- [notification-service] [main] c.n.discovery.InstanceInfoReplicator     : InstanceInfoReplicator onDemand update allowed rate per min is 4
2026-01-05T09:03:40.518+05:30  INFO 14607 --- [notification-service] [main] com.netflix.discovery.DiscoveryClient    : Discovery Client initialized at timestamp 1767584020517 with initial instances count: 2
2026-01-05T09:03:40.528+05:30  INFO 14607 --- [notification-service] [main] o.s.c.n.e.s.EurekaServiceRegistry        : Registering application NOTIFICATION-SERVICE with eureka with status UP
2026-01-05T09:03:40.528+05:30  INFO 14607 --- [notification-service] [main] com.netflix.discovery.DiscoveryClient    : Saw local status change event StatusChangeEvent [timestamp=1767584020528, current=UP, previous=STARTING]
2026-01-05T09:03:40.529+05:30  INFO 14607 --- [notification-service] [DiscoveryClient-InstanceInfoReplicator-0] com.netflix.discovery.DiscoveryClient    : DiscoveryClient_NOTIFICATION-SERVICE/192.168.0.4:notification-service:8084: registering service...
2026-01-05T09:03:40.543+05:30  INFO 14607 --- [notification-service] [main] o.s.b.w.embedded.tomcat.TomcatWebServer  : Tomcat started on port 8084 (http) with context path ''
2026-01-05T09:03:40.544+05:30  INFO 14607 --- [notification-service] [main] .s.c.n.e.s.EurekaAutoServiceRegistration : Updating port to 8084
2026-01-05T09:03:40.547+05:30 DEBUG 14607 --- [notification-service] [main] o.s.a.r.l.SimpleMessageListenerContainer : Starting Rabbit listener container.
2026-01-05T09:03:40.550+05:30  INFO 14607 --- [notification-service] [main] o.s.a.r.c.CachingConnectionFactory       : Attempting to connect to: [localhost:5672]
2026-01-05T09:03:40.581+05:30  INFO 14607 --- [notification-service] [DiscoveryClient-InstanceInfoReplicator-0] com.netflix.discovery.DiscoveryClient    : DiscoveryClient_NOTIFICATION-SERVICE/192.168.0.4:notification-service:8084 - registration status: 204
2026-01-05T09:03:40.652+05:30  INFO 14607 --- [notification-service] [main] o.s.a.r.c.CachingConnectionFactory       : Created new connection: rabbitConnectionFactory#611c9d31:0/SimpleConnection@3b00a7b9 [delegate=amqp://guest@127.0.0.1:5672/, localPort=49732]
2026-01-05T09:03:40.654+05:30 DEBUG 14607 --- [notification-service] [main] o.s.amqp.rabbit.core.RabbitAdmin         : Initializing declarations
2026-01-05T09:03:40.668+05:30 DEBUG 14607 --- [notification-service] [main] o.s.a.r.c.CachingConnectionFactory       : Creating cached Rabbit Channel from AMQChannel(amqp://guest@127.0.0.1:5672/,1)
2026-01-05T09:03:40.678+05:30 DEBUG 14607 --- [notification-service] [main] o.s.amqp.rabbit.core.RabbitTemplate      : Executing callback RabbitAdmin$$Lambda$1836/0x0000007001c21cf8 on RabbitMQ Channel: Cached Rabbit Channel: AMQChannel(amqp://guest@127.0.0.1:5672/,1), conn: Proxy@102d4cea Shared Rabbit Connection: SimpleConnection@3b00a7b9 [delegate=amqp://guest@127.0.0.1:5672/, localPort=49732]
2026-01-05T09:03:40.678+05:30 DEBUG 14607 --- [notification-service] [main] o.s.amqp.rabbit.core.RabbitAdmin         : declaring Exchange 'ticket.exchange'
2026-01-05T09:03:40.680+05:30 DEBUG 14607 --- [notification-service] [main] o.s.amqp.rabbit.core.RabbitAdmin         : declaring Queue 'notification.queue'
2026-01-05T09:03:40.682+05:30 DEBUG 14607 --- [notification-service] [main] o.s.amqp.rabbit.core.RabbitAdmin         : Binding destination [notification.queue (QUEUE)] to exchange [ticket.exchange] with routing key [ticket.created]
2026-01-05T09:03:40.685+05:30 DEBUG 14607 --- [notification-service] [main] o.s.amqp.rabbit.core.RabbitAdmin         : Binding destination [notification.queue (QUEUE)] to exchange [ticket.exchange] with routing key [ticket.assigned]
2026-01-05T09:03:40.688+05:30 DEBUG 14607 --- [notification-service] [main] o.s.amqp.rabbit.core.RabbitAdmin         : Binding destination [notification.queue (QUEUE)] to exchange [ticket.exchange] with routing key [ticket.status.changed]
2026-01-05T09:03:40.691+05:30 DEBUG 14607 --- [notification-service] [main] o.s.amqp.rabbit.core.RabbitAdmin         : Binding destination [notification.queue (QUEUE)] to exchange [ticket.exchange] with routing key [comment.added]
2026-01-05T09:03:40.693+05:30 DEBUG 14607 --- [notification-service] [main] o.s.amqp.rabbit.core.RabbitAdmin         : Binding destination [notification.queue (QUEUE)] to exchange [ticket.exchange] with routing key [sla.warning]
2026-01-05T09:03:40.695+05:30 DEBUG 14607 --- [notification-service] [main] o.s.amqp.rabbit.core.RabbitAdmin         : Binding destination [notification.queue (QUEUE)] to exchange [ticket.exchange] with routing key [sla.breach]
2026-01-05T09:03:40.697+05:30 DEBUG 14607 --- [notification-service] [main] o.s.amqp.rabbit.core.RabbitAdmin         : Binding destination [notification.queue (QUEUE)] to exchange [ticket.exchange] with routing key [ticket.escalated]
2026-01-05T09:03:40.700+05:30 DEBUG 14607 --- [notification-service] [main] o.s.amqp.rabbit.core.RabbitAdmin         : Declarations finished
2026-01-05T09:03:40.708+05:30 DEBUG 14607 --- [notification-service] [org.springframework.amqp.rabbit.RabbitListenerEndpointContainer#0-1] o.s.amqp.rabbit.core.RabbitTemplate      : Executing callback RabbitAdmin$$Lambda$1844/0x0000007001c28238 on RabbitMQ Channel: Cached Rabbit Channel: AMQChannel(amqp://guest@127.0.0.1:5672/,1), conn: Proxy@102d4cea Shared Rabbit Connection: SimpleConnection@3b00a7b9 [delegate=amqp://guest@127.0.0.1:5672/, localPort=49732]
2026-01-05T09:03:40.712+05:30 DEBUG 14607 --- [notification-service] [org.springframework.amqp.rabbit.RabbitListenerEndpointContainer#0-1] o.s.a.r.listener.BlockingQueueConsumer   : Starting consumer Consumer@3ff00c4c: tags=[[]], channel=null, acknowledgeMode=AUTO local queue size=0
2026-01-05T09:03:40.720+05:30 DEBUG 14607 --- [notification-service] [org.springframework.amqp.rabbit.RabbitListenerEndpointContainer#0-1] o.s.a.r.listener.BlockingQueueConsumer   : Started on queue 'notification.queue' with tag amq.ctag-7kM7lL7w82piXQfeVzaM4g: Consumer@3ff00c4c: tags=[[amq.ctag-7kM7lL7w82piXQfeVzaM4g]], channel=Cached Rabbit Channel: AMQChannel(amqp://guest@127.0.0.1:5672/,1), conn: Proxy@102d4cea Shared Rabbit Connection: SimpleConnection@3b00a7b9 [delegate=amqp://guest@127.0.0.1:5672/, localPort=49732], acknowledgeMode=AUTO local queue size=0
2026-01-05T09:03:40.720+05:30 DEBUG 14607 --- [notification-service] [pool-2-thread-3] o.s.a.r.listener.BlockingQueueConsumer   : ConsumeOK: Consumer@3ff00c4c: tags=[[amq.ctag-7kM7lL7w82piXQfeVzaM4g]], channel=Cached Rabbit Channel: AMQChannel(amqp://guest@127.0.0.1:5672/,1), conn: Proxy@102d4cea Shared Rabbit Connection: SimpleConnection@3b00a7b9 [delegate=amqp://guest@127.0.0.1:5672/, localPort=49732], acknowledgeMode=AUTO local queue size=0
2026-01-05T09:03:40.737+05:30  INFO 14607 --- [notification-service] [main] c.n.NotificationServiceApplication       : Started NotificationServiceApplication in 7.573 seconds (process running for 7.803)
2026-01-05T09:08:40.406+05:30  INFO 14607 --- [notification-service] [AsyncResolver-bootstrap-executor-0] c.n.d.s.r.aws.ConfigClusterResolver      : Resolving eureka endpoints via configuration
2026-01-05T09:13:40.351+05:30  INFO 14607 --- [notification-service] [AsyncResolver-bootstrap-executor-0] c.n.d.s.r.aws.ConfigClusterResolver      : Resolving eureka endpoints via configuration
2026-01-05T09:18:40.354+05:30  INFO 14607 --- [notification-service] [AsyncResolver-bootstrap-executor-0] c.n.d.s.r.aws.ConfigClusterResolver      : Resolving eureka endpoints via configuration
2026-01-05T09:23:40.360+05:30  INFO 14607 --- [notification-service] [AsyncResolver-bootstrap-executor-0] c.n.d.s.r.aws.ConfigClusterResolver      : Resolving eureka endpoints via configuration
2026-01-05T09:28:40.366+05:30  INFO 14607 --- [notification-service] [AsyncResolver-bootstrap-executor-0] c.n.d.s.r.aws.ConfigClusterResolver      : Resolving eureka endpoints via configuration
2026-01-05T09:33:40.373+05:30  INFO 14607 --- [notification-service] [AsyncResolver-bootstrap-executor-0] c.n.d.s.r.aws.ConfigClusterResolver      : Resolving eureka endpoints via configuration
2026-01-05T09:38:40.377+05:30  INFO 14607 --- [notification-service] [AsyncResolver-bootstrap-executor-0] c.n.d.s.r.aws.ConfigClusterResolver      : Resolving eureka endpoints via configuration
2026-01-05T09:43:40.392+05:30  INFO 14607 --- [notification-service] [AsyncResolver-bootstrap-executor-0] c.n.d.s.r.aws.ConfigClusterResolver      : Resolving eureka endpoints via configuration
2026-01-05T09:48:40.403+05:30  INFO 14607 --- [notification-service] [AsyncResolver-bootstrap-executor-0] c.n.d.s.r.aws.ConfigClusterResolver      : Resolving eureka endpoints via configuration
2026-01-05T09:53:40.404+05:30  INFO 14607 --- [notification-service] [AsyncResolver-bootstrap-executor-0] c.n.d.s.r.aws.ConfigClusterResolver      : Resolving eureka endpoints via configuration
2026-01-05T09:58:21.147+05:30 DEBUG 14607 --- [notification-service] [pool-2-thread-4] o.s.a.r.listener.BlockingQueueConsumer   : Storing delivery for consumerTag: 'amq.ctag-7kM7lL7w82piXQfeVzaM4g' with deliveryTag: '1' in Consumer@3ff00c4c: tags=[[amq.ctag-7kM7lL7w82piXQfeVzaM4g]], channel=Cached Rabbit Channel: AMQChannel(amqp://guest@127.0.0.1:5672/,1), conn: Proxy@102d4cea Shared Rabbit Connection: SimpleConnection@3b00a7b9 [delegate=amqp://guest@127.0.0.1:5672/, localPort=49732], acknowledgeMode=AUTO local queue size=0
2026-01-05T09:58:21.163+05:30 DEBUG 14607 --- [notification-service] [org.springframework.amqp.rabbit.RabbitListenerEndpointContainer#0-1] o.s.a.r.listener.BlockingQueueConsumer   : Received message: (Body:'[B@2851e24e(byte[313])' MessageProperties [headers={__TypeId__=com.ticket.event.TicketAssignedEvent}, contentType=application/json, contentEncoding=UTF-8, contentLength=0, receivedDeliveryMode=PERSISTENT, priority=0, redelivered=false, receivedExchange=ticket.exchange, receivedRoutingKey=ticket.assigned, deliveryTag=1, consumerTag=amq.ctag-7kM7lL7w82piXQfeVzaM4g, consumerQueue=notification.queue])
2026-01-05T09:58:21.192+05:30 DEBUG 14607 --- [notification-service] [org.springframework.amqp.rabbit.RabbitListenerEndpointContainer#0-1] .a.r.l.a.MessagingMessageListenerAdapter : Processing [GenericMessage [payload=com.ticket.event.TicketAssignedEvent@3bf94857, headers={amqp_receivedDeliveryMode=PERSISTENT, amqp_receivedExchange=ticket.exchange, amqp_deliveryTag=1, amqp_consumerQueue=notification.queue, amqp_redelivered=false, amqp_receivedRoutingKey=ticket.assigned, amqp_contentEncoding=UTF-8, id=67b1d013-0220-e280-4dd5-f6858dd4f0f6, amqp_consumerTag=amq.ctag-7kM7lL7w82piXQfeVzaM4g, amqp_lastInBatch=false, contentType=application/json, __TypeId__=com.ticket.event.TicketAssignedEvent, timestamp=1767587301192}]]
2026-01-05T09:58:21.196+05:30  INFO 14607 --- [notification-service] [org.springframework.amqp.rabbit.RabbitListenerEndpointContainer#0-1] c.notification.listener.EventListener    : Received TicketAssignedEvent: TKT-20260102-00050 assigned to sarah_agent
2026-01-05T09:58:21.228+05:30  INFO 14607 --- [notification-service] [org.springframework.amqp.rabbit.RabbitListenerEndpointContainer#0-1] c.n.service.NotificationService          : Creating notification for user sarah_agent: TICKET_ASSIGNED
2026-01-05T09:58:21.323+05:30  INFO 14607 --- [notification-service] [org.springframework.amqp.rabbit.RabbitListenerEndpointContainer#0-1] c.n.service.NotificationService          : Email notification sent to sarah@company.com
2026-01-05T09:58:21.378+05:30 DEBUG 14607 --- [notification-service] [org.springframework.amqp.rabbit.RabbitListenerEndpointContainer#0-1] org.hibernate.SQL                        : 
    insert 
    into
        notifications
        (created_at, delivery_channel, error_message, event_type, is_read, message, notification_type, read_at, retry_count, sent_at, status, subject, ticket_id, ticket_number, updated_at, user_email, user_id, username, notification_id) 
    values
        (?, ?, ?, ?, ?, ?, ?, ?, ?, ?, ?, ?, ?, ?, ?, ?, ?, ?, ?)
2026-01-05T09:58:21.391+05:30 DEBUG 14607 --- [notification-service] [org.springframework.amqp.rabbit.RabbitListenerEndpointContainer#0-1] org.hibernate.SQL                        : 
    update
        notifications 
    set
        created_at=?,
        delivery_channel=?,
        error_message=?,
        event_type=?,
        is_read=?,
        message=?,
        notification_type=?,
        read_at=?,
        retry_count=?,
        sent_at=?,
        status=?,
        subject=?,
        ticket_id=?,
        ticket_number=?,
        updated_at=?,
        user_email=?,
        user_id=?,
        username=? 
    where
        notification_id=?
2026-01-05T09:58:21.398+05:30  INFO 14607 --- [notification-service] [org.springframework.amqp.rabbit.RabbitListenerEndpointContainer#0-1] c.n.service.NotificationService          : Creating notification for user sarah_agent: TICKET_ASSIGNED
2026-01-05T09:58:21.405+05:30 DEBUG 14607 --- [notification-service] [org.springframework.amqp.rabbit.RabbitListenerEndpointContainer#0-1] org.hibernate.SQL                        : 
    insert 
    into
        notifications
        (created_at, delivery_channel, error_message, event_type, is_read, message, notification_type, read_at, retry_count, sent_at, status, subject, ticket_id, ticket_number, updated_at, user_email, user_id, username, notification_id) 
    values
        (?, ?, ?, ?, ?, ?, ?, ?, ?, ?, ?, ?, ?, ?, ?, ?, ?, ?, ?)
2026-01-05T09:58:21.415+05:30 DEBUG 14607 --- [notification-service] [org.springframework.amqp.rabbit.RabbitListenerEndpointContainer#0-1] org.hibernate.SQL                        : 
    update
        notifications 
    set
        created_at=?,
        delivery_channel=?,
        error_message=?,
        event_type=?,
        is_read=?,
        message=?,
        notification_type=?,
        read_at=?,
        retry_count=?,
        sent_at=?,
        status=?,
        subject=?,
        ticket_id=?,
        ticket_number=?,
        updated_at=?,
        user_email=?,
        user_id=?,
        username=? 
    where
        notification_id=?
2026-01-05T09:58:21.417+05:30  INFO 14607 --- [notification-service] [org.springframework.amqp.rabbit.RabbitListenerEndpointContainer#0-1] c.notification.listener.EventListener    : Agent notification sent for ticket assignment: TKT-20260102-00050
2026-01-05T09:58:25.428+05:30  INFO 14607 --- [notification-service] [task-1] com.notification.service.EmailService    : Email sent to sarah@company.com: New Ticket Assigned: TKT-20260102-00050
2026-01-05T09:58:40.407+05:30  INFO 14607 --- [notification-service] [AsyncResolver-bootstrap-executor-0] c.n.d.s.r.aws.ConfigClusterResolver      : Resolving eureka endpoints via configuration
2026-01-05T09:58:47.173+05:30 DEBUG 14607 --- [notification-service] [pool-2-thread-5] o.s.a.r.listener.BlockingQueueConsumer   : Storing delivery for consumerTag: 'amq.ctag-7kM7lL7w82piXQfeVzaM4g' with deliveryTag: '2' in Consumer@3ff00c4c: tags=[[amq.ctag-7kM7lL7w82piXQfeVzaM4g]], channel=Cached Rabbit Channel: AMQChannel(amqp://guest@127.0.0.1:5672/,1), conn: Proxy@102d4cea Shared Rabbit Connection: SimpleConnection@3b00a7b9 [delegate=amqp://guest@127.0.0.1:5672/, localPort=49732], acknowledgeMode=AUTO local queue size=0
2026-01-05T09:58:47.173+05:30 DEBUG 14607 --- [notification-service] [org.springframework.amqp.rabbit.RabbitListenerEndpointContainer#0-1] o.s.a.r.listener.BlockingQueueConsumer   : Received message: (Body:'[B@2386fa9d(byte[264])' MessageProperties [headers={__TypeId__=com.ticket.event.TicketStatusChangedEvent}, contentType=application/json, contentEncoding=UTF-8, contentLength=0, receivedDeliveryMode=PERSISTENT, priority=0, redelivered=false, receivedExchange=ticket.exchange, receivedRoutingKey=ticket.status.changed, deliveryTag=2, consumerTag=amq.ctag-7kM7lL7w82piXQfeVzaM4g, consumerQueue=notification.queue])
2026-01-05T09:58:47.174+05:30 DEBUG 14607 --- [notification-service] [org.springframework.amqp.rabbit.RabbitListenerEndpointContainer#0-1] .a.r.l.a.MessagingMessageListenerAdapter : Processing [GenericMessage [payload=com.ticket.event.TicketStatusChangedEvent@6db04704, headers={amqp_receivedDeliveryMode=PERSISTENT, amqp_receivedExchange=ticket.exchange, amqp_deliveryTag=2, amqp_consumerQueue=notification.queue, amqp_redelivered=false, amqp_receivedRoutingKey=ticket.status.changed, amqp_contentEncoding=UTF-8, id=c63acdf3-af3b-f4cd-da15-a60c05ee39e7, amqp_consumerTag=amq.ctag-7kM7lL7w82piXQfeVzaM4g, amqp_lastInBatch=false, contentType=application/json, __TypeId__=com.ticket.event.TicketStatusChangedEvent, timestamp=1767587327174}]]
2026-01-05T09:58:47.175+05:30  INFO 14607 --- [notification-service] [org.springframework.amqp.rabbit.RabbitListenerEndpointContainer#0-1] c.notification.listener.EventListener    : Received TicketStatusChangedEvent: TKT-20260102-00050 changed from ASSIGNED to IN_PROGRESS
2026-01-05T09:58:47.175+05:30  INFO 14607 --- [notification-service] [org.springframework.amqp.rabbit.RabbitListenerEndpointContainer#0-1] c.n.service.NotificationService          : Creating notification for user sarah_agent: TICKET_STATUS_CHANGED
2026-01-05T09:58:47.182+05:30 DEBUG 14607 --- [notification-service] [org.springframework.amqp.rabbit.RabbitListenerEndpointContainer#0-1] org.hibernate.SQL                        : 
    insert 
    into
        notifications
        (created_at, delivery_channel, error_message, event_type, is_read, message, notification_type, read_at, retry_count, sent_at, status, subject, ticket_id, ticket_number, updated_at, user_email, user_id, username, notification_id) 
    values
        (?, ?, ?, ?, ?, ?, ?, ?, ?, ?, ?, ?, ?, ?, ?, ?, ?, ?, ?)
2026-01-05T09:58:47.184+05:30 DEBUG 14607 --- [notification-service] [org.springframework.amqp.rabbit.RabbitListenerEndpointContainer#0-1] org.hibernate.SQL                        : 
    update
        notifications 
    set
        created_at=?,
        delivery_channel=?,
        error_message=?,
        event_type=?,
        is_read=?,
        message=?,
        notification_type=?,
        read_at=?,
        retry_count=?,
        sent_at=?,
        status=?,
        subject=?,
        ticket_id=?,
        ticket_number=?,
        updated_at=?,
        user_email=?,
        user_id=?,
        username=? 
    where
        notification_id=?
2026-01-05T09:58:47.185+05:30  INFO 14607 --- [notification-service] [org.springframework.amqp.rabbit.RabbitListenerEndpointContainer#0-1] c.notification.listener.EventListener    : Status change notification sent for ticket: TKT-20260102-00050
2026-01-05T10:02:47.397+05:30  WARN 14607 --- [notification-service] [HikariPool-1 housekeeper] com.zaxxer.hikari.pool.HikariPool        : HikariPool-1 - Thread starvation or clock leap detected (housekeeper delta=4m9s938ms).
2026-01-05T10:36:36.332+05:30  WARN 14607 --- [notification-service] [HikariPool-1 housekeeper] com.zaxxer.hikari.pool.HikariPool        : HikariPool-1 - Thread starvation or clock leap detected (housekeeper delta=33m48s935ms).
2026-01-05T10:36:43.401+05:30 DEBUG 14607 --- [notification-service] [pool-2-thread-6] o.s.a.r.listener.BlockingQueueConsumer   : Storing delivery for consumerTag: 'amq.ctag-7kM7lL7w82piXQfeVzaM4g' with deliveryTag: '3' in Consumer@3ff00c4c: tags=[[amq.ctag-7kM7lL7w82piXQfeVzaM4g]], channel=Cached Rabbit Channel: AMQChannel(amqp://guest@127.0.0.1:5672/,1), conn: Proxy@102d4cea Shared Rabbit Connection: SimpleConnection@3b00a7b9 [delegate=amqp://guest@127.0.0.1:5672/, localPort=49732], acknowledgeMode=AUTO local queue size=0
2026-01-05T10:36:43.402+05:30 DEBUG 14607 --- [notification-service] [org.springframework.amqp.rabbit.RabbitListenerEndpointContainer#0-1] o.s.a.r.listener.BlockingQueueConsumer   : Received message: (Body:'[B@16fbc3d8(byte[514])' MessageProperties [headers={__TypeId__=com.ticket.event.SlaBreachEvent}, contentType=application/json, contentEncoding=UTF-8, contentLength=0, receivedDeliveryMode=PERSISTENT, priority=0, redelivered=false, receivedExchange=ticket.exchange, receivedRoutingKey=sla.breach, deliveryTag=3, consumerTag=amq.ctag-7kM7lL7w82piXQfeVzaM4g, consumerQueue=notification.queue])
2026-01-05T10:36:43.405+05:30 DEBUG 14607 --- [notification-service] [org.springframework.amqp.rabbit.RabbitListenerEndpointContainer#0-1] .a.r.l.a.MessagingMessageListenerAdapter : Processing [GenericMessage [payload=com.ticket.event.SlaBreachEvent@320068ab, headers={amqp_receivedDeliveryMode=PERSISTENT, amqp_receivedExchange=ticket.exchange, amqp_deliveryTag=3, amqp_consumerQueue=notification.queue, amqp_redelivered=false, amqp_receivedRoutingKey=sla.breach, amqp_contentEncoding=UTF-8, id=99bd75d2-3e62-d3cd-8e0d-74629cbdc612, amqp_consumerTag=amq.ctag-7kM7lL7w82piXQfeVzaM4g, amqp_lastInBatch=false, contentType=application/json, __TypeId__=com.ticket.event.SlaBreachEvent, timestamp=1767589603405}]]
2026-01-05T10:36:43.406+05:30  INFO 14607 --- [notification-service] [org.springframework.amqp.rabbit.RabbitListenerEndpointContainer#0-1] c.notification.listener.EventListener    : Received SlaBreachEvent: TKT-20260102-00050 - RESPONSE breach
2026-01-05T10:36:43.410+05:30  INFO 14607 --- [notification-service] [org.springframework.amqp.rabbit.RabbitListenerEndpointContainer#0-1] c.n.service.NotificationService          : Creating notification for user sarah_agent: SLA_BREACH
2026-01-05T10:36:43.437+05:30  INFO 14607 --- [notification-service] [org.springframework.amqp.rabbit.RabbitListenerEndpointContainer#0-1] c.n.service.NotificationService          : Email notification sent to sarah@company.com
2026-01-05T10:36:43.440+05:30 DEBUG 14607 --- [notification-service] [org.springframework.amqp.rabbit.RabbitListenerEndpointContainer#0-1] org.hibernate.SQL                        : 
    insert 
    into
        notifications
        (created_at, delivery_channel, error_message, event_type, is_read, message, notification_type, read_at, retry_count, sent_at, status, subject, ticket_id, ticket_number, updated_at, user_email, user_id, username, notification_id) 
    values
        (?, ?, ?, ?, ?, ?, ?, ?, ?, ?, ?, ?, ?, ?, ?, ?, ?, ?, ?)
2026-01-05T10:36:43.446+05:30 DEBUG 14607 --- [notification-service] [org.springframework.amqp.rabbit.RabbitListenerEndpointContainer#0-1] org.hibernate.SQL                        : 
    update
        notifications 
    set
        created_at=?,
        delivery_channel=?,
        error_message=?,
        event_type=?,
        is_read=?,
        message=?,
        notification_type=?,
        read_at=?,
        retry_count=?,
        sent_at=?,
        status=?,
        subject=?,
        ticket_id=?,
        ticket_number=?,
        updated_at=?,
        user_email=?,
        user_id=?,
        username=? 
    where
        notification_id=?
2026-01-05T10:36:43.449+05:30  INFO 14607 --- [notification-service] [org.springframework.amqp.rabbit.RabbitListenerEndpointContainer#0-1] c.n.service.NotificationService          : Creating notification for user sarah_agent: SLA_BREACH
2026-01-05T10:36:43.456+05:30 DEBUG 14607 --- [notification-service] [org.springframework.amqp.rabbit.RabbitListenerEndpointContainer#0-1] org.hibernate.SQL                        : 
    insert 
    into
        notifications
        (created_at, delivery_channel, error_message, event_type, is_read, message, notification_type, read_at, retry_count, sent_at, status, subject, ticket_id, ticket_number, updated_at, user_email, user_id, username, notification_id) 
    values
        (?, ?, ?, ?, ?, ?, ?, ?, ?, ?, ?, ?, ?, ?, ?, ?, ?, ?, ?)
2026-01-05T10:36:43.459+05:30 DEBUG 14607 --- [notification-service] [org.springframework.amqp.rabbit.RabbitListenerEndpointContainer#0-1] org.hibernate.SQL                        : 
    update
        notifications 
    set
        created_at=?,
        delivery_channel=?,
        error_message=?,
        event_type=?,
        is_read=?,
        message=?,
        notification_type=?,
        read_at=?,
        retry_count=?,
        sent_at=?,
        status=?,
        subject=?,
        ticket_id=?,
        ticket_number=?,
        updated_at=?,
        user_email=?,
        user_id=?,
        username=? 
    where
        notification_id=?
2026-01-05T10:36:43.460+05:30  INFO 14607 --- [notification-service] [org.springframework.amqp.rabbit.RabbitListenerEndpointContainer#0-1] c.notification.listener.EventListener    : SLA breach notification sent for ticket: TKT-20260102-00050
2026-01-05T10:36:47.297+05:30  INFO 14607 --- [notification-service] [task-2] com.notification.service.EmailService    : Email sent to sarah@company.com: SLA BREACHED: Ticket TKT-20260102-00050 (RESPONSE)
2026-01-05T10:40:39.273+05:30  INFO 14607 --- [notification-service] [AsyncResolver-bootstrap-executor-0] c.n.d.s.r.aws.ConfigClusterResolver      : Resolving eureka endpoints via configuration
2026-01-05T10:45:39.281+05:30  INFO 14607 --- [notification-service] [AsyncResolver-bootstrap-executor-0] c.n.d.s.r.aws.ConfigClusterResolver      : Resolving eureka endpoints via configuration
2026-01-05T10:50:39.287+05:30  INFO 14607 --- [notification-service] [AsyncResolver-bootstrap-executor-0] c.n.d.s.r.aws.ConfigClusterResolver      : Resolving eureka endpoints via configuration
2026-01-05T10:55:39.255+05:30  INFO 14607 --- [notification-service] [AsyncResolver-bootstrap-executor-0] c.n.d.s.r.aws.ConfigClusterResolver      : Resolving eureka endpoints via configuration
2026-01-05T11:00:39.259+05:30  INFO 14607 --- [notification-service] [AsyncResolver-bootstrap-executor-0] c.n.d.s.r.aws.ConfigClusterResolver      : Resolving eureka endpoints via configuration
2026-01-05T11:05:39.267+05:30  INFO 14607 --- [notification-service] [AsyncResolver-bootstrap-executor-0] c.n.d.s.r.aws.ConfigClusterResolver      : Resolving eureka endpoints via configuration
2026-01-05T11:10:39.310+05:30  INFO 14607 --- [notification-service] [AsyncResolver-bootstrap-executor-0] c.n.d.s.r.aws.ConfigClusterResolver      : Resolving eureka endpoints via configuration
2026-01-05T11:15:39.314+05:30  INFO 14607 --- [notification-service] [AsyncResolver-bootstrap-executor-0] c.n.d.s.r.aws.ConfigClusterResolver      : Resolving eureka endpoints via configuration
2026-01-05T11:20:39.321+05:30  INFO 14607 --- [notification-service] [AsyncResolver-bootstrap-executor-0] c.n.d.s.r.aws.ConfigClusterResolver      : Resolving eureka endpoints via configuration
2026-01-05T11:25:39.294+05:30  INFO 14607 --- [notification-service] [AsyncResolver-bootstrap-executor-0] c.n.d.s.r.aws.ConfigClusterResolver      : Resolving eureka endpoints via configuration
2026-01-05T11:30:39.298+05:30  INFO 14607 --- [notification-service] [AsyncResolver-bootstrap-executor-0] c.n.d.s.r.aws.ConfigClusterResolver      : Resolving eureka endpoints via configuration
2026-01-05T11:35:39.301+05:30  INFO 14607 --- [notification-service] [AsyncResolver-bootstrap-executor-0] c.n.d.s.r.aws.ConfigClusterResolver      : Resolving eureka endpoints via configuration
2026-01-05T11:40:39.341+05:30  INFO 14607 --- [notification-service] [AsyncResolver-bootstrap-executor-0] c.n.d.s.r.aws.ConfigClusterResolver      : Resolving eureka endpoints via configuration
2026-01-05T11:45:39.361+05:30  INFO 14607 --- [notification-service] [AsyncResolver-bootstrap-executor-0] c.n.d.s.r.aws.ConfigClusterResolver      : Resolving eureka endpoints via configuration
2026-01-05T11:50:39.367+05:30  INFO 14607 --- [notification-service] [AsyncResolver-bootstrap-executor-0] c.n.d.s.r.aws.ConfigClusterResolver      : Resolving eureka endpoints via configuration
2026-01-05T11:53:02.670+05:30 DEBUG 14607 --- [notification-service] [pool-2-thread-7] o.s.a.r.listener.BlockingQueueConsumer   : Storing delivery for consumerTag: 'amq.ctag-7kM7lL7w82piXQfeVzaM4g' with deliveryTag: '4' in Consumer@3ff00c4c: tags=[[amq.ctag-7kM7lL7w82piXQfeVzaM4g]], channel=Cached Rabbit Channel: AMQChannel(amqp://guest@127.0.0.1:5672/,1), conn: Proxy@102d4cea Shared Rabbit Connection: SimpleConnection@3b00a7b9 [delegate=amqp://guest@127.0.0.1:5672/, localPort=49732], acknowledgeMode=AUTO local queue size=0
2026-01-05T11:53:02.671+05:30 DEBUG 14607 --- [notification-service] [org.springframework.amqp.rabbit.RabbitListenerEndpointContainer#0-1] o.s.a.r.listener.BlockingQueueConsumer   : Received message: (Body:'[B@6c094eaa(byte[261])' MessageProperties [headers={__TypeId__=com.ticket.event.TicketStatusChangedEvent}, contentType=application/json, contentEncoding=UTF-8, contentLength=0, receivedDeliveryMode=PERSISTENT, priority=0, redelivered=false, receivedExchange=ticket.exchange, receivedRoutingKey=ticket.status.changed, deliveryTag=4, consumerTag=amq.ctag-7kM7lL7w82piXQfeVzaM4g, consumerQueue=notification.queue])
2026-01-05T11:53:02.673+05:30 DEBUG 14607 --- [notification-service] [org.springframework.amqp.rabbit.RabbitListenerEndpointContainer#0-1] .a.r.l.a.MessagingMessageListenerAdapter : Processing [GenericMessage [payload=com.ticket.event.TicketStatusChangedEvent@71a2f356, headers={amqp_receivedDeliveryMode=PERSISTENT, amqp_receivedExchange=ticket.exchange, amqp_deliveryTag=4, amqp_consumerQueue=notification.queue, amqp_redelivered=false, amqp_receivedRoutingKey=ticket.status.changed, amqp_contentEncoding=UTF-8, id=9f4f3a81-9b99-3ddb-da19-2fff9ad50ef4, amqp_consumerTag=amq.ctag-7kM7lL7w82piXQfeVzaM4g, amqp_lastInBatch=false, contentType=application/json, __TypeId__=com.ticket.event.TicketStatusChangedEvent, timestamp=1767594182673}]]
2026-01-05T11:53:02.674+05:30  INFO 14607 --- [notification-service] [org.springframework.amqp.rabbit.RabbitListenerEndpointContainer#0-1] c.notification.listener.EventListener    : Received TicketStatusChangedEvent: TKT-20260103-00071 changed from ASSIGNED to IN_PROGRESS
2026-01-05T11:53:02.676+05:30  INFO 14607 --- [notification-service] [org.springframework.amqp.rabbit.RabbitListenerEndpointContainer#0-1] c.n.service.NotificationService          : Creating notification for user sujaynsv: TICKET_STATUS_CHANGED
2026-01-05T11:53:02.694+05:30 DEBUG 14607 --- [notification-service] [org.springframework.amqp.rabbit.RabbitListenerEndpointContainer#0-1] org.hibernate.SQL                        : 
    insert 
    into
        notifications
        (created_at, delivery_channel, error_message, event_type, is_read, message, notification_type, read_at, retry_count, sent_at, status, subject, ticket_id, ticket_number, updated_at, user_email, user_id, username, notification_id) 
    values
        (?, ?, ?, ?, ?, ?, ?, ?, ?, ?, ?, ?, ?, ?, ?, ?, ?, ?, ?)
2026-01-05T11:53:02.710+05:30 DEBUG 14607 --- [notification-service] [org.springframework.amqp.rabbit.RabbitListenerEndpointContainer#0-1] org.hibernate.SQL                        : 
    update
        notifications 
    set
        created_at=?,
        delivery_channel=?,
        error_message=?,
        event_type=?,
        is_read=?,
        message=?,
        notification_type=?,
        read_at=?,
        retry_count=?,
        sent_at=?,
        status=?,
        subject=?,
        ticket_id=?,
        ticket_number=?,
        updated_at=?,
        user_email=?,
        user_id=?,
        username=? 
    where
        notification_id=?
2026-01-05T11:53:02.720+05:30  INFO 14607 --- [notification-service] [org.springframework.amqp.rabbit.RabbitListenerEndpointContainer#0-1] c.notification.listener.EventListener    : Status change notification sent for ticket: TKT-20260103-00071
2026-01-05T11:53:36.877+05:30 DEBUG 14607 --- [notification-service] [pool-2-thread-8] o.s.a.r.listener.BlockingQueueConsumer   : Storing delivery for consumerTag: 'amq.ctag-7kM7lL7w82piXQfeVzaM4g' with deliveryTag: '5' in Consumer@3ff00c4c: tags=[[amq.ctag-7kM7lL7w82piXQfeVzaM4g]], channel=Cached Rabbit Channel: AMQChannel(amqp://guest@127.0.0.1:5672/,1), conn: Proxy@102d4cea Shared Rabbit Connection: SimpleConnection@3b00a7b9 [delegate=amqp://guest@127.0.0.1:5672/, localPort=49732], acknowledgeMode=AUTO local queue size=0
2026-01-05T11:53:36.878+05:30 DEBUG 14607 --- [notification-service] [org.springframework.amqp.rabbit.RabbitListenerEndpointContainer#0-1] o.s.a.r.listener.BlockingQueueConsumer   : Received message: (Body:'[B@38ebf679(byte[322])' MessageProperties [headers={__TypeId__=com.ticket.event.TicketAssignedEvent}, contentType=application/json, contentEncoding=UTF-8, contentLength=0, receivedDeliveryMode=PERSISTENT, priority=0, redelivered=false, receivedExchange=ticket.exchange, receivedRoutingKey=ticket.assigned, deliveryTag=5, consumerTag=amq.ctag-7kM7lL7w82piXQfeVzaM4g, consumerQueue=notification.queue])
2026-01-05T11:53:36.878+05:30 DEBUG 14607 --- [notification-service] [org.springframework.amqp.rabbit.RabbitListenerEndpointContainer#0-1] .a.r.l.a.MessagingMessageListenerAdapter : Processing [GenericMessage [payload=com.ticket.event.TicketAssignedEvent@2f86b357, headers={amqp_receivedDeliveryMode=PERSISTENT, amqp_receivedExchange=ticket.exchange, amqp_deliveryTag=5, amqp_consumerQueue=notification.queue, amqp_redelivered=false, amqp_receivedRoutingKey=ticket.assigned, amqp_contentEncoding=UTF-8, id=ca43fc26-d3ae-14f3-80ba-fb5509de7de9, amqp_consumerTag=amq.ctag-7kM7lL7w82piXQfeVzaM4g, amqp_lastInBatch=false, contentType=application/json, __TypeId__=com.ticket.event.TicketAssignedEvent, timestamp=1767594216878}]]
2026-01-05T11:53:36.879+05:30  INFO 14607 --- [notification-service] [org.springframework.amqp.rabbit.RabbitListenerEndpointContainer#0-1] c.notification.listener.EventListener    : Received TicketAssignedEvent: TKT-20260102-00063 assigned to sarah_agent
2026-01-05T11:53:36.880+05:30  INFO 14607 --- [notification-service] [org.springframework.amqp.rabbit.RabbitListenerEndpointContainer#0-1] c.n.service.NotificationService          : Creating notification for user sarah_agent: TICKET_ASSIGNED
2026-01-05T11:53:36.889+05:30  INFO 14607 --- [notification-service] [org.springframework.amqp.rabbit.RabbitListenerEndpointContainer#0-1] c.n.service.NotificationService          : Email notification sent to sarah@company.com
2026-01-05T11:53:36.890+05:30 DEBUG 14607 --- [notification-service] [org.springframework.amqp.rabbit.RabbitListenerEndpointContainer#0-1] org.hibernate.SQL                        : 
    insert 
    into
        notifications
        (created_at, delivery_channel, error_message, event_type, is_read, message, notification_type, read_at, retry_count, sent_at, status, subject, ticket_id, ticket_number, updated_at, user_email, user_id, username, notification_id) 
    values
        (?, ?, ?, ?, ?, ?, ?, ?, ?, ?, ?, ?, ?, ?, ?, ?, ?, ?, ?)
2026-01-05T11:53:36.891+05:30 DEBUG 14607 --- [notification-service] [org.springframework.amqp.rabbit.RabbitListenerEndpointContainer#0-1] org.hibernate.SQL                        : 
    update
        notifications 
    set
        created_at=?,
        delivery_channel=?,
        error_message=?,
        event_type=?,
        is_read=?,
        message=?,
        notification_type=?,
        read_at=?,
        retry_count=?,
        sent_at=?,
        status=?,
        subject=?,
        ticket_id=?,
        ticket_number=?,
        updated_at=?,
        user_email=?,
        user_id=?,
        username=? 
    where
        notification_id=?
2026-01-05T11:53:36.893+05:30  INFO 14607 --- [notification-service] [org.springframework.amqp.rabbit.RabbitListenerEndpointContainer#0-1] c.n.service.NotificationService          : Creating notification for user sarah_agent: TICKET_ASSIGNED
2026-01-05T11:53:36.898+05:30 DEBUG 14607 --- [notification-service] [org.springframework.amqp.rabbit.RabbitListenerEndpointContainer#0-1] org.hibernate.SQL                        : 
    insert 
    into
        notifications
        (created_at, delivery_channel, error_message, event_type, is_read, message, notification_type, read_at, retry_count, sent_at, status, subject, ticket_id, ticket_number, updated_at, user_email, user_id, username, notification_id) 
    values
        (?, ?, ?, ?, ?, ?, ?, ?, ?, ?, ?, ?, ?, ?, ?, ?, ?, ?, ?)
2026-01-05T11:53:36.898+05:30 DEBUG 14607 --- [notification-service] [org.springframework.amqp.rabbit.RabbitListenerEndpointContainer#0-1] org.hibernate.SQL                        : 
    update
        notifications 
    set
        created_at=?,
        delivery_channel=?,
        error_message=?,
        event_type=?,
        is_read=?,
        message=?,
        notification_type=?,
        read_at=?,
        retry_count=?,
        sent_at=?,
        status=?,
        subject=?,
        ticket_id=?,
        ticket_number=?,
        updated_at=?,
        user_email=?,
        user_id=?,
        username=? 
    where
        notification_id=?
2026-01-05T11:53:36.899+05:30  INFO 14607 --- [notification-service] [org.springframework.amqp.rabbit.RabbitListenerEndpointContainer#0-1] c.notification.listener.EventListener    : Agent notification sent for ticket assignment: TKT-20260102-00063
2026-01-05T11:53:40.535+05:30  INFO 14607 --- [notification-service] [task-3] com.notification.service.EmailService    : Email sent to sarah@company.com: New Ticket Assigned: TKT-20260102-00063
2026-01-05T11:54:01.972+05:30 DEBUG 14607 --- [notification-service] [pool-2-thread-9] o.s.a.r.listener.BlockingQueueConsumer   : Storing delivery for consumerTag: 'amq.ctag-7kM7lL7w82piXQfeVzaM4g' with deliveryTag: '6' in Consumer@3ff00c4c: tags=[[amq.ctag-7kM7lL7w82piXQfeVzaM4g]], channel=Cached Rabbit Channel: AMQChannel(amqp://guest@127.0.0.1:5672/,1), conn: Proxy@102d4cea Shared Rabbit Connection: SimpleConnection@3b00a7b9 [delegate=amqp://guest@127.0.0.1:5672/, localPort=49732], acknowledgeMode=AUTO local queue size=0
2026-01-05T11:54:01.972+05:30 DEBUG 14607 --- [notification-service] [org.springframework.amqp.rabbit.RabbitListenerEndpointContainer#0-1] o.s.a.r.listener.BlockingQueueConsumer   : Received message: (Body:'[B@1ad82bd9(byte[322])' MessageProperties [headers={__TypeId__=com.ticket.event.TicketAssignedEvent}, contentType=application/json, contentEncoding=UTF-8, contentLength=0, receivedDeliveryMode=PERSISTENT, priority=0, redelivered=false, receivedExchange=ticket.exchange, receivedRoutingKey=ticket.assigned, deliveryTag=6, consumerTag=amq.ctag-7kM7lL7w82piXQfeVzaM4g, consumerQueue=notification.queue])
2026-01-05T11:54:01.973+05:30 DEBUG 14607 --- [notification-service] [org.springframework.amqp.rabbit.RabbitListenerEndpointContainer#0-1] .a.r.l.a.MessagingMessageListenerAdapter : Processing [GenericMessage [payload=com.ticket.event.TicketAssignedEvent@2efd874a, headers={amqp_receivedDeliveryMode=PERSISTENT, amqp_receivedExchange=ticket.exchange, amqp_deliveryTag=6, amqp_consumerQueue=notification.queue, amqp_redelivered=false, amqp_receivedRoutingKey=ticket.assigned, amqp_contentEncoding=UTF-8, id=c01cbd67-9976-ba55-1908-8fe13909cf2e, amqp_consumerTag=amq.ctag-7kM7lL7w82piXQfeVzaM4g, amqp_lastInBatch=false, contentType=application/json, __TypeId__=com.ticket.event.TicketAssignedEvent, timestamp=1767594241973}]]
2026-01-05T11:54:01.973+05:30  INFO 14607 --- [notification-service] [org.springframework.amqp.rabbit.RabbitListenerEndpointContainer#0-1] c.notification.listener.EventListener    : Received TicketAssignedEvent: TKT-20251231-00023 assigned to sarah_agent
2026-01-05T11:54:01.974+05:30  INFO 14607 --- [notification-service] [org.springframework.amqp.rabbit.RabbitListenerEndpointContainer#0-1] c.n.service.NotificationService          : Creating notification for user sarah_agent: TICKET_ASSIGNED
2026-01-05T11:54:01.980+05:30  INFO 14607 --- [notification-service] [org.springframework.amqp.rabbit.RabbitListenerEndpointContainer#0-1] c.n.service.NotificationService          : Email notification sent to sarah@company.com
2026-01-05T11:54:01.980+05:30 DEBUG 14607 --- [notification-service] [org.springframework.amqp.rabbit.RabbitListenerEndpointContainer#0-1] org.hibernate.SQL                        : 
    insert 
    into
        notifications
        (created_at, delivery_channel, error_message, event_type, is_read, message, notification_type, read_at, retry_count, sent_at, status, subject, ticket_id, ticket_number, updated_at, user_email, user_id, username, notification_id) 
    values
        (?, ?, ?, ?, ?, ?, ?, ?, ?, ?, ?, ?, ?, ?, ?, ?, ?, ?, ?)
2026-01-05T11:54:01.982+05:30 DEBUG 14607 --- [notification-service] [org.springframework.amqp.rabbit.RabbitListenerEndpointContainer#0-1] org.hibernate.SQL                        : 
    update
        notifications 
    set
        created_at=?,
        delivery_channel=?,
        error_message=?,
        event_type=?,
        is_read=?,
        message=?,
        notification_type=?,
        read_at=?,
        retry_count=?,
        sent_at=?,
        status=?,
        subject=?,
        ticket_id=?,
        ticket_number=?,
        updated_at=?,
        user_email=?,
        user_id=?,
        username=? 
    where
        notification_id=?
2026-01-05T11:54:01.983+05:30  INFO 14607 --- [notification-service] [org.springframework.amqp.rabbit.RabbitListenerEndpointContainer#0-1] c.n.service.NotificationService          : Creating notification for user sarah_agent: TICKET_ASSIGNED
2026-01-05T11:54:01.987+05:30 DEBUG 14607 --- [notification-service] [org.springframework.amqp.rabbit.RabbitListenerEndpointContainer#0-1] org.hibernate.SQL                        : 
    insert 
    into
        notifications
        (created_at, delivery_channel, error_message, event_type, is_read, message, notification_type, read_at, retry_count, sent_at, status, subject, ticket_id, ticket_number, updated_at, user_email, user_id, username, notification_id) 
    values
        (?, ?, ?, ?, ?, ?, ?, ?, ?, ?, ?, ?, ?, ?, ?, ?, ?, ?, ?)
2026-01-05T11:54:01.989+05:30 DEBUG 14607 --- [notification-service] [org.springframework.amqp.rabbit.RabbitListenerEndpointContainer#0-1] org.hibernate.SQL                        : 
    update
        notifications 
    set
        created_at=?,
        delivery_channel=?,
        error_message=?,
        event_type=?,
        is_read=?,
        message=?,
        notification_type=?,
        read_at=?,
        retry_count=?,
        sent_at=?,
        status=?,
        subject=?,
        ticket_id=?,
        ticket_number=?,
        updated_at=?,
        user_email=?,
        user_id=?,
        username=? 
    where
        notification_id=?
2026-01-05T11:54:01.990+05:30  INFO 14607 --- [notification-service] [org.springframework.amqp.rabbit.RabbitListenerEndpointContainer#0-1] c.notification.listener.EventListener    : Agent notification sent for ticket assignment: TKT-20251231-00023
2026-01-05T11:54:05.328+05:30  INFO 14607 --- [notification-service] [task-4] com.notification.service.EmailService    : Email sent to sarah@company.com: New Ticket Assigned: TKT-20251231-00023
2026-01-05T11:55:39.375+05:30  INFO 14607 --- [notification-service] [AsyncResolver-bootstrap-executor-0] c.n.d.s.r.aws.ConfigClusterResolver      : Resolving eureka endpoints via configuration
2026-01-05T12:00:39.398+05:30  INFO 14607 --- [notification-service] [AsyncResolver-bootstrap-executor-0] c.n.d.s.r.aws.ConfigClusterResolver      : Resolving eureka endpoints via configuration
2026-01-05T12:00:51.552+05:30 DEBUG 14607 --- [notification-service] [pool-2-thread-10] o.s.a.r.listener.BlockingQueueConsumer   : Storing delivery for consumerTag: 'amq.ctag-7kM7lL7w82piXQfeVzaM4g' with deliveryTag: '7' in Consumer@3ff00c4c: tags=[[amq.ctag-7kM7lL7w82piXQfeVzaM4g]], channel=Cached Rabbit Channel: AMQChannel(amqp://guest@127.0.0.1:5672/,1), conn: Proxy@102d4cea Shared Rabbit Connection: SimpleConnection@3b00a7b9 [delegate=amqp://guest@127.0.0.1:5672/, localPort=49732], acknowledgeMode=AUTO local queue size=0
2026-01-05T12:00:51.554+05:30 DEBUG 14607 --- [notification-service] [org.springframework.amqp.rabbit.RabbitListenerEndpointContainer#0-1] o.s.a.r.listener.BlockingQueueConsumer   : Received message: (Body:'[B@61af9685(byte[316])' MessageProperties [headers={__TypeId__=com.ticket.event.TicketAssignedEvent}, contentType=application/json, contentEncoding=UTF-8, contentLength=0, receivedDeliveryMode=PERSISTENT, priority=0, redelivered=false, receivedExchange=ticket.exchange, receivedRoutingKey=ticket.assigned, deliveryTag=7, consumerTag=amq.ctag-7kM7lL7w82piXQfeVzaM4g, consumerQueue=notification.queue])
2026-01-05T12:00:51.556+05:30 DEBUG 14607 --- [notification-service] [org.springframework.amqp.rabbit.RabbitListenerEndpointContainer#0-1] .a.r.l.a.MessagingMessageListenerAdapter : Processing [GenericMessage [payload=com.ticket.event.TicketAssignedEvent@55b807e6, headers={amqp_receivedDeliveryMode=PERSISTENT, amqp_receivedExchange=ticket.exchange, amqp_deliveryTag=7, amqp_consumerQueue=notification.queue, amqp_redelivered=false, amqp_receivedRoutingKey=ticket.assigned, amqp_contentEncoding=UTF-8, id=5d4f49b7-c29d-8472-907a-d1a73c98b225, amqp_consumerTag=amq.ctag-7kM7lL7w82piXQfeVzaM4g, amqp_lastInBatch=false, contentType=application/json, __TypeId__=com.ticket.event.TicketAssignedEvent, timestamp=1767594651556}]]
2026-01-05T12:00:51.557+05:30  INFO 14607 --- [notification-service] [org.springframework.amqp.rabbit.RabbitListenerEndpointContainer#0-1] c.notification.listener.EventListener    : Received TicketAssignedEvent: TKT-20251231-00023 assigned to Sujay
2026-01-05T12:00:51.562+05:30  INFO 14607 --- [notification-service] [org.springframework.amqp.rabbit.RabbitListenerEndpointContainer#0-1] c.n.service.NotificationService          : Creating notification for user Sujay: TICKET_ASSIGNED
2026-01-05T12:00:51.573+05:30  INFO 14607 --- [notification-service] [org.springframework.amqp.rabbit.RabbitListenerEndpointContainer#0-1] c.n.service.NotificationService          : Email notification sent to sujaynsv@gmail.com
2026-01-05T12:00:51.575+05:30 DEBUG 14607 --- [notification-service] [org.springframework.amqp.rabbit.RabbitListenerEndpointContainer#0-1] org.hibernate.SQL                        : 
    insert 
    into
        notifications
        (created_at, delivery_channel, error_message, event_type, is_read, message, notification_type, read_at, retry_count, sent_at, status, subject, ticket_id, ticket_number, updated_at, user_email, user_id, username, notification_id) 
    values
        (?, ?, ?, ?, ?, ?, ?, ?, ?, ?, ?, ?, ?, ?, ?, ?, ?, ?, ?)
2026-01-05T12:00:51.577+05:30 DEBUG 14607 --- [notification-service] [org.springframework.amqp.rabbit.RabbitListenerEndpointContainer#0-1] org.hibernate.SQL                        : 
    update
        notifications 
    set
        created_at=?,
        delivery_channel=?,
        error_message=?,
        event_type=?,
        is_read=?,
        message=?,
        notification_type=?,
        read_at=?,
        retry_count=?,
        sent_at=?,
        status=?,
        subject=?,
        ticket_id=?,
        ticket_number=?,
        updated_at=?,
        user_email=?,
        user_id=?,
        username=? 
    where
        notification_id=?
2026-01-05T12:00:51.580+05:30  INFO 14607 --- [notification-service] [org.springframework.amqp.rabbit.RabbitListenerEndpointContainer#0-1] c.n.service.NotificationService          : Creating notification for user Sujay: TICKET_ASSIGNED
2026-01-05T12:00:51.583+05:30 DEBUG 14607 --- [notification-service] [org.springframework.amqp.rabbit.RabbitListenerEndpointContainer#0-1] org.hibernate.SQL                        : 
    insert 
    into
        notifications
        (created_at, delivery_channel, error_message, event_type, is_read, message, notification_type, read_at, retry_count, sent_at, status, subject, ticket_id, ticket_number, updated_at, user_email, user_id, username, notification_id) 
    values
        (?, ?, ?, ?, ?, ?, ?, ?, ?, ?, ?, ?, ?, ?, ?, ?, ?, ?, ?)
2026-01-05T12:00:51.584+05:30 DEBUG 14607 --- [notification-service] [org.springframework.amqp.rabbit.RabbitListenerEndpointContainer#0-1] org.hibernate.SQL                        : 
    update
        notifications 
    set
        created_at=?,
        delivery_channel=?,
        error_message=?,
        event_type=?,
        is_read=?,
        message=?,
        notification_type=?,
        read_at=?,
        retry_count=?,
        sent_at=?,
        status=?,
        subject=?,
        ticket_id=?,
        ticket_number=?,
        updated_at=?,
        user_email=?,
        user_id=?,
        username=? 
    where
        notification_id=?
2026-01-05T12:00:51.585+05:30  INFO 14607 --- [notification-service] [org.springframework.amqp.rabbit.RabbitListenerEndpointContainer#0-1] c.notification.listener.EventListener    : Agent notification sent for ticket assignment: TKT-20251231-00023
2026-01-05T12:00:55.245+05:30  INFO 14607 --- [notification-service] [task-5] com.notification.service.EmailService    : Email sent to sujaynsv@gmail.com: New Ticket Assigned: TKT-20251231-00023
2026-01-05T12:01:37.360+05:30 DEBUG 14607 --- [notification-service] [pool-2-thread-11] o.s.a.r.listener.BlockingQueueConsumer   : Storing delivery for consumerTag: 'amq.ctag-7kM7lL7w82piXQfeVzaM4g' with deliveryTag: '8' in Consumer@3ff00c4c: tags=[[amq.ctag-7kM7lL7w82piXQfeVzaM4g]], channel=Cached Rabbit Channel: AMQChannel(amqp://guest@127.0.0.1:5672/,1), conn: Proxy@102d4cea Shared Rabbit Connection: SimpleConnection@3b00a7b9 [delegate=amqp://guest@127.0.0.1:5672/, localPort=49732], acknowledgeMode=AUTO local queue size=0
2026-01-05T12:01:37.361+05:30 DEBUG 14607 --- [notification-service] [org.springframework.amqp.rabbit.RabbitListenerEndpointContainer#0-1] o.s.a.r.listener.BlockingQueueConsumer   : Received message: (Body:'[B@59d7750b(byte[316])' MessageProperties [headers={__TypeId__=com.ticket.event.TicketAssignedEvent}, contentType=application/json, contentEncoding=UTF-8, contentLength=0, receivedDeliveryMode=PERSISTENT, priority=0, redelivered=false, receivedExchange=ticket.exchange, receivedRoutingKey=ticket.assigned, deliveryTag=8, consumerTag=amq.ctag-7kM7lL7w82piXQfeVzaM4g, consumerQueue=notification.queue])
2026-01-05T12:01:37.362+05:30 DEBUG 14607 --- [notification-service] [org.springframework.amqp.rabbit.RabbitListenerEndpointContainer#0-1] .a.r.l.a.MessagingMessageListenerAdapter : Processing [GenericMessage [payload=com.ticket.event.TicketAssignedEvent@3c026fc5, headers={amqp_receivedDeliveryMode=PERSISTENT, amqp_receivedExchange=ticket.exchange, amqp_deliveryTag=8, amqp_consumerQueue=notification.queue, amqp_redelivered=false, amqp_receivedRoutingKey=ticket.assigned, amqp_contentEncoding=UTF-8, id=2fd588ac-c909-aad2-a5ff-a37b6a6fef26, amqp_consumerTag=amq.ctag-7kM7lL7w82piXQfeVzaM4g, amqp_lastInBatch=false, contentType=application/json, __TypeId__=com.ticket.event.TicketAssignedEvent, timestamp=1767594697362}]]
2026-01-05T12:01:37.362+05:30  INFO 14607 --- [notification-service] [org.springframework.amqp.rabbit.RabbitListenerEndpointContainer#0-1] c.notification.listener.EventListener    : Received TicketAssignedEvent: TKT-20260102-00070 assigned to Sujay
2026-01-05T12:01:37.363+05:30  INFO 14607 --- [notification-service] [org.springframework.amqp.rabbit.RabbitListenerEndpointContainer#0-1] c.n.service.NotificationService          : Creating notification for user Sujay: TICKET_ASSIGNED
2026-01-05T12:01:37.372+05:30  INFO 14607 --- [notification-service] [org.springframework.amqp.rabbit.RabbitListenerEndpointContainer#0-1] c.n.service.NotificationService          : Email notification sent to sujaynsv@gmail.com
2026-01-05T12:01:37.372+05:30 DEBUG 14607 --- [notification-service] [org.springframework.amqp.rabbit.RabbitListenerEndpointContainer#0-1] org.hibernate.SQL                        : 
    insert 
    into
        notifications
        (created_at, delivery_channel, error_message, event_type, is_read, message, notification_type, read_at, retry_count, sent_at, status, subject, ticket_id, ticket_number, updated_at, user_email, user_id, username, notification_id) 
    values
        (?, ?, ?, ?, ?, ?, ?, ?, ?, ?, ?, ?, ?, ?, ?, ?, ?, ?, ?)
2026-01-05T12:01:37.374+05:30 DEBUG 14607 --- [notification-service] [org.springframework.amqp.rabbit.RabbitListenerEndpointContainer#0-1] org.hibernate.SQL                        : 
    update
        notifications 
    set
        created_at=?,
        delivery_channel=?,
        error_message=?,
        event_type=?,
        is_read=?,
        message=?,
        notification_type=?,
        read_at=?,
        retry_count=?,
        sent_at=?,
        status=?,
        subject=?,
        ticket_id=?,
        ticket_number=?,
        updated_at=?,
        user_email=?,
        user_id=?,
        username=? 
    where
        notification_id=?
2026-01-05T12:01:37.375+05:30  INFO 14607 --- [notification-service] [org.springframework.amqp.rabbit.RabbitListenerEndpointContainer#0-1] c.n.service.NotificationService          : Creating notification for user Sujay: TICKET_ASSIGNED
2026-01-05T12:01:37.383+05:30 DEBUG 14607 --- [notification-service] [org.springframework.amqp.rabbit.RabbitListenerEndpointContainer#0-1] org.hibernate.SQL                        : 
    insert 
    into
        notifications
        (created_at, delivery_channel, error_message, event_type, is_read, message, notification_type, read_at, retry_count, sent_at, status, subject, ticket_id, ticket_number, updated_at, user_email, user_id, username, notification_id) 
    values
        (?, ?, ?, ?, ?, ?, ?, ?, ?, ?, ?, ?, ?, ?, ?, ?, ?, ?, ?)
2026-01-05T12:01:37.385+05:30 DEBUG 14607 --- [notification-service] [org.springframework.amqp.rabbit.RabbitListenerEndpointContainer#0-1] org.hibernate.SQL                        : 
    update
        notifications 
    set
        created_at=?,
        delivery_channel=?,
        error_message=?,
        event_type=?,
        is_read=?,
        message=?,
        notification_type=?,
        read_at=?,
        retry_count=?,
        sent_at=?,
        status=?,
        subject=?,
        ticket_id=?,
        ticket_number=?,
        updated_at=?,
        user_email=?,
        user_id=?,
        username=? 
    where
        notification_id=?
2026-01-05T12:01:37.387+05:30  INFO 14607 --- [notification-service] [org.springframework.amqp.rabbit.RabbitListenerEndpointContainer#0-1] c.notification.listener.EventListener    : Agent notification sent for ticket assignment: TKT-20260102-00070
2026-01-05T12:01:40.598+05:30  INFO 14607 --- [notification-service] [task-6] com.notification.service.EmailService    : Email sent to sujaynsv@gmail.com: New Ticket Assigned: TKT-20260102-00070
2026-01-05T12:05:39.404+05:30  INFO 14607 --- [notification-service] [AsyncResolver-bootstrap-executor-0] c.n.d.s.r.aws.ConfigClusterResolver      : Resolving eureka endpoints via configuration
2026-01-05T12:10:39.410+05:30  INFO 14607 --- [notification-service] [AsyncResolver-bootstrap-executor-0] c.n.d.s.r.aws.ConfigClusterResolver      : Resolving eureka endpoints via configuration
2026-01-05T12:15:39.424+05:30  INFO 14607 --- [notification-service] [AsyncResolver-bootstrap-executor-0] c.n.d.s.r.aws.ConfigClusterResolver      : Resolving eureka endpoints via configuration
2026-01-05T12:19:14.870+05:30 DEBUG 14607 --- [notification-service] [pool-2-thread-12] o.s.a.r.listener.BlockingQueueConsumer   : Storing delivery for consumerTag: 'amq.ctag-7kM7lL7w82piXQfeVzaM4g' with deliveryTag: '9' in Consumer@3ff00c4c: tags=[[amq.ctag-7kM7lL7w82piXQfeVzaM4g]], channel=Cached Rabbit Channel: AMQChannel(amqp://guest@127.0.0.1:5672/,1), conn: Proxy@102d4cea Shared Rabbit Connection: SimpleConnection@3b00a7b9 [delegate=amqp://guest@127.0.0.1:5672/, localPort=49732], acknowledgeMode=AUTO local queue size=0
2026-01-05T12:19:14.871+05:30 DEBUG 14607 --- [notification-service] [org.springframework.amqp.rabbit.RabbitListenerEndpointContainer#0-1] o.s.a.r.listener.BlockingQueueConsumer   : Received message: (Body:'[B@15c91dbe(byte[258])' MessageProperties [headers={__TypeId__=com.ticket.event.TicketStatusChangedEvent}, contentType=application/json, contentEncoding=UTF-8, contentLength=0, receivedDeliveryMode=PERSISTENT, priority=0, redelivered=false, receivedExchange=ticket.exchange, receivedRoutingKey=ticket.status.changed, deliveryTag=9, consumerTag=amq.ctag-7kM7lL7w82piXQfeVzaM4g, consumerQueue=notification.queue])
2026-01-05T12:19:14.873+05:30 DEBUG 14607 --- [notification-service] [org.springframework.amqp.rabbit.RabbitListenerEndpointContainer#0-1] .a.r.l.a.MessagingMessageListenerAdapter : Processing [GenericMessage [payload=com.ticket.event.TicketStatusChangedEvent@45e15599, headers={amqp_receivedDeliveryMode=PERSISTENT, amqp_receivedExchange=ticket.exchange, amqp_deliveryTag=9, amqp_consumerQueue=notification.queue, amqp_redelivered=false, amqp_receivedRoutingKey=ticket.status.changed, amqp_contentEncoding=UTF-8, id=f98e5f76-4cc9-4b43-6c61-c1a0dfba7249, amqp_consumerTag=amq.ctag-7kM7lL7w82piXQfeVzaM4g, amqp_lastInBatch=false, contentType=application/json, __TypeId__=com.ticket.event.TicketStatusChangedEvent, timestamp=1767595754873}]]
2026-01-05T12:19:14.873+05:30  INFO 14607 --- [notification-service] [org.springframework.amqp.rabbit.RabbitListenerEndpointContainer#0-1] c.notification.listener.EventListener    : Received TicketStatusChangedEvent: TKT-20260102-00061 changed from IN_PROGRESS to RESOLVED
2026-01-05T12:19:14.877+05:30  INFO 14607 --- [notification-service] [org.springframework.amqp.rabbit.RabbitListenerEndpointContainer#0-1] c.n.service.NotificationService          : Creating notification for user Sujay: TICKET_RESOLVED
2026-01-05T12:19:14.887+05:30 DEBUG 14607 --- [notification-service] [org.springframework.amqp.rabbit.RabbitListenerEndpointContainer#0-1] org.hibernate.SQL                        : 
    insert 
    into
        notifications
        (created_at, delivery_channel, error_message, event_type, is_read, message, notification_type, read_at, retry_count, sent_at, status, subject, ticket_id, ticket_number, updated_at, user_email, user_id, username, notification_id) 
    values
        (?, ?, ?, ?, ?, ?, ?, ?, ?, ?, ?, ?, ?, ?, ?, ?, ?, ?, ?)
2026-01-05T12:19:14.891+05:30 DEBUG 14607 --- [notification-service] [org.springframework.amqp.rabbit.RabbitListenerEndpointContainer#0-1] org.hibernate.SQL                        : 
    update
        notifications 
    set
        created_at=?,
        delivery_channel=?,
        error_message=?,
        event_type=?,
        is_read=?,
        message=?,
        notification_type=?,
        read_at=?,
        retry_count=?,
        sent_at=?,
        status=?,
        subject=?,
        ticket_id=?,
        ticket_number=?,
        updated_at=?,
        user_email=?,
        user_id=?,
        username=? 
    where
        notification_id=?
2026-01-05T12:19:14.895+05:30  INFO 14607 --- [notification-service] [org.springframework.amqp.rabbit.RabbitListenerEndpointContainer#0-1] c.n.service.NotificationService          : Creating notification for user Sujay: TICKET_RESOLVED
2026-01-05T12:19:14.902+05:30  INFO 14607 --- [notification-service] [org.springframework.amqp.rabbit.RabbitListenerEndpointContainer#0-1] c.n.service.NotificationService          : Email notification sent to sujaynsv@gmail.com
2026-01-05T12:19:14.903+05:30 DEBUG 14607 --- [notification-service] [org.springframework.amqp.rabbit.RabbitListenerEndpointContainer#0-1] org.hibernate.SQL                        : 
    insert 
    into
        notifications
        (created_at, delivery_channel, error_message, event_type, is_read, message, notification_type, read_at, retry_count, sent_at, status, subject, ticket_id, ticket_number, updated_at, user_email, user_id, username, notification_id) 
    values
        (?, ?, ?, ?, ?, ?, ?, ?, ?, ?, ?, ?, ?, ?, ?, ?, ?, ?, ?)
2026-01-05T12:19:14.904+05:30 DEBUG 14607 --- [notification-service] [org.springframework.amqp.rabbit.RabbitListenerEndpointContainer#0-1] org.hibernate.SQL                        : 
    update
        notifications 
    set
        created_at=?,
        delivery_channel=?,
        error_message=?,
        event_type=?,
        is_read=?,
        message=?,
        notification_type=?,
        read_at=?,
        retry_count=?,
        sent_at=?,
        status=?,
        subject=?,
        ticket_id=?,
        ticket_number=?,
        updated_at=?,
        user_email=?,
        user_id=?,
        username=? 
    where
        notification_id=?
2026-01-05T12:19:14.906+05:30  INFO 14607 --- [notification-service] [org.springframework.amqp.rabbit.RabbitListenerEndpointContainer#0-1] c.notification.listener.EventListener    : Status change notification sent for ticket: TKT-20260102-00061
2026-01-05T12:19:18.181+05:30  INFO 14607 --- [notification-service] [task-7] com.notification.service.EmailService    : Email sent to sujaynsv@gmail.com: Ticket Status Updated: TKT-20260102-00061
2026-01-05T12:19:55.626+05:30 DEBUG 14607 --- [notification-service] [pool-2-thread-3] o.s.a.r.listener.BlockingQueueConsumer   : Storing delivery for consumerTag: 'amq.ctag-7kM7lL7w82piXQfeVzaM4g' with deliveryTag: '10' in Consumer@3ff00c4c: tags=[[amq.ctag-7kM7lL7w82piXQfeVzaM4g]], channel=Cached Rabbit Channel: AMQChannel(amqp://guest@127.0.0.1:5672/,1), conn: Proxy@102d4cea Shared Rabbit Connection: SimpleConnection@3b00a7b9 [delegate=amqp://guest@127.0.0.1:5672/, localPort=49732], acknowledgeMode=AUTO local queue size=0
2026-01-05T12:19:55.627+05:30 DEBUG 14607 --- [notification-service] [org.springframework.amqp.rabbit.RabbitListenerEndpointContainer#0-1] o.s.a.r.listener.BlockingQueueConsumer   : Received message: (Body:'[B@281e237d(byte[265])' MessageProperties [headers={__TypeId__=com.ticket.event.CommentAddedEvent}, contentType=application/json, contentEncoding=UTF-8, contentLength=0, receivedDeliveryMode=PERSISTENT, priority=0, redelivered=false, receivedExchange=ticket.exchange, receivedRoutingKey=comment.added, deliveryTag=10, consumerTag=amq.ctag-7kM7lL7w82piXQfeVzaM4g, consumerQueue=notification.queue])
2026-01-05T12:19:55.630+05:30 DEBUG 14607 --- [notification-service] [org.springframework.amqp.rabbit.RabbitListenerEndpointContainer#0-1] .a.r.l.a.MessagingMessageListenerAdapter : Processing [GenericMessage [payload=com.ticket.event.CommentAddedEvent@4fe111d6, headers={amqp_receivedDeliveryMode=PERSISTENT, amqp_receivedExchange=ticket.exchange, amqp_deliveryTag=10, amqp_consumerQueue=notification.queue, amqp_redelivered=false, amqp_receivedRoutingKey=comment.added, amqp_contentEncoding=UTF-8, id=30774706-8d94-7b10-cbfc-f53af8a2ff08, amqp_consumerTag=amq.ctag-7kM7lL7w82piXQfeVzaM4g, amqp_lastInBatch=false, contentType=application/json, __TypeId__=com.ticket.event.CommentAddedEvent, timestamp=1767595795629}]]
2026-01-05T12:19:55.630+05:30  INFO 14607 --- [notification-service] [org.springframework.amqp.rabbit.RabbitListenerEndpointContainer#0-1] c.notification.listener.EventListener    : Received CommentAddedEvent: TKT-20260102-00061 by Sujay
2026-01-05T12:19:55.635+05:30 DEBUG 14607 --- [notification-service] [org.springframework.amqp.rabbit.RabbitListenerEndpointContainer#0-1] feign.template.Template                  : Explicit slash decoding specified, decoding all slashes in uri
2026-01-05T12:19:55.671+05:30  INFO 14607 --- [notification-service] [org.springframework.amqp.rabbit.RabbitListenerEndpointContainer#0-1] c.n.service.NotificationService          : Creating notification for user sujay-1: COMMENT_ADDED
2026-01-05T12:19:55.675+05:30  INFO 14607 --- [notification-service] [org.springframework.amqp.rabbit.RabbitListenerEndpointContainer#0-1] c.n.service.NotificationService          : Email notification sent to nsvsujay04@gmail.com
2026-01-05T12:19:55.677+05:30 DEBUG 14607 --- [notification-service] [org.springframework.amqp.rabbit.RabbitListenerEndpointContainer#0-1] org.hibernate.SQL                        : 
    insert 
    into
        notifications
        (created_at, delivery_channel, error_message, event_type, is_read, message, notification_type, read_at, retry_count, sent_at, status, subject, ticket_id, ticket_number, updated_at, user_email, user_id, username, notification_id) 
    values
        (?, ?, ?, ?, ?, ?, ?, ?, ?, ?, ?, ?, ?, ?, ?, ?, ?, ?, ?)
2026-01-05T12:19:55.678+05:30 DEBUG 14607 --- [notification-service] [org.springframework.amqp.rabbit.RabbitListenerEndpointContainer#0-1] org.hibernate.SQL                        : 
    update
        notifications 
    set
        created_at=?,
        delivery_channel=?,
        error_message=?,
        event_type=?,
        is_read=?,
        message=?,
        notification_type=?,
        read_at=?,
        retry_count=?,
        sent_at=?,
        status=?,
        subject=?,
        ticket_id=?,
        ticket_number=?,
        updated_at=?,
        user_email=?,
        user_id=?,
        username=? 
    where
        notification_id=?
2026-01-05T12:19:55.680+05:30  INFO 14607 --- [notification-service] [org.springframework.amqp.rabbit.RabbitListenerEndpointContainer#0-1] c.n.service.NotificationService          : Creating notification for user sujay-1: COMMENT_ADDED
2026-01-05T12:19:55.683+05:30 DEBUG 14607 --- [notification-service] [org.springframework.amqp.rabbit.RabbitListenerEndpointContainer#0-1] org.hibernate.SQL                        : 
    insert 
    into
        notifications
        (created_at, delivery_channel, error_message, event_type, is_read, message, notification_type, read_at, retry_count, sent_at, status, subject, ticket_id, ticket_number, updated_at, user_email, user_id, username, notification_id) 
    values
        (?, ?, ?, ?, ?, ?, ?, ?, ?, ?, ?, ?, ?, ?, ?, ?, ?, ?, ?)
2026-01-05T12:19:55.684+05:30 DEBUG 14607 --- [notification-service] [org.springframework.amqp.rabbit.RabbitListenerEndpointContainer#0-1] org.hibernate.SQL                        : 
    update
        notifications 
    set
        created_at=?,
        delivery_channel=?,
        error_message=?,
        event_type=?,
        is_read=?,
        message=?,
        notification_type=?,
        read_at=?,
        retry_count=?,
        sent_at=?,
        status=?,
        subject=?,
        ticket_id=?,
        ticket_number=?,
        updated_at=?,
        user_email=?,
        user_id=?,
        username=? 
    where
        notification_id=?
2026-01-05T12:19:55.685+05:30  INFO 14607 --- [notification-service] [org.springframework.amqp.rabbit.RabbitListenerEndpointContainer#0-1] c.notification.listener.EventListener    : Comment notification sent to ticket creator: sujay-1
2026-01-05T12:19:55.685+05:30  INFO 14607 --- [notification-service] [org.springframework.amqp.rabbit.RabbitListenerEndpointContainer#0-1] c.notification.listener.EventListener    : Comment notifications processed for ticket: TKT-20260102-00061
2026-01-05T12:19:59.099+05:30  INFO 14607 --- [notification-service] [task-8] com.notification.service.EmailService    : Email sent to nsvsujay04@gmail.com: New Comment on Ticket: TKT-20260102-00061
2026-01-05T12:20:39.433+05:30  INFO 14607 --- [notification-service] [AsyncResolver-bootstrap-executor-0] c.n.d.s.r.aws.ConfigClusterResolver      : Resolving eureka endpoints via configuration
2026-01-05T12:23:41.733+05:30 DEBUG 14607 --- [notification-service] [pool-2-thread-4] o.s.a.r.listener.BlockingQueueConsumer   : Storing delivery for consumerTag: 'amq.ctag-7kM7lL7w82piXQfeVzaM4g' with deliveryTag: '11' in Consumer@3ff00c4c: tags=[[amq.ctag-7kM7lL7w82piXQfeVzaM4g]], channel=Cached Rabbit Channel: AMQChannel(amqp://guest@127.0.0.1:5672/,1), conn: Proxy@102d4cea Shared Rabbit Connection: SimpleConnection@3b00a7b9 [delegate=amqp://guest@127.0.0.1:5672/, localPort=49732], acknowledgeMode=AUTO local queue size=0
2026-01-05T12:23:41.741+05:30 DEBUG 14607 --- [notification-service] [org.springframework.amqp.rabbit.RabbitListenerEndpointContainer#0-1] o.s.a.r.listener.BlockingQueueConsumer   : Received message: (Body:'[B@4c120594(byte[316])' MessageProperties [headers={__TypeId__=com.ticket.event.TicketAssignedEvent}, contentType=application/json, contentEncoding=UTF-8, contentLength=0, receivedDeliveryMode=PERSISTENT, priority=0, redelivered=false, receivedExchange=ticket.exchange, receivedRoutingKey=ticket.assigned, deliveryTag=11, consumerTag=amq.ctag-7kM7lL7w82piXQfeVzaM4g, consumerQueue=notification.queue])
2026-01-05T12:23:41.743+05:30 DEBUG 14607 --- [notification-service] [org.springframework.amqp.rabbit.RabbitListenerEndpointContainer#0-1] .a.r.l.a.MessagingMessageListenerAdapter : Processing [GenericMessage [payload=com.ticket.event.TicketAssignedEvent@2175111d, headers={amqp_receivedDeliveryMode=PERSISTENT, amqp_receivedExchange=ticket.exchange, amqp_deliveryTag=11, amqp_consumerQueue=notification.queue, amqp_redelivered=false, amqp_receivedRoutingKey=ticket.assigned, amqp_contentEncoding=UTF-8, id=81a40e20-f2dd-61bd-ffc7-271fda10717a, amqp_consumerTag=amq.ctag-7kM7lL7w82piXQfeVzaM4g, amqp_lastInBatch=false, contentType=application/json, __TypeId__=com.ticket.event.TicketAssignedEvent, timestamp=1767596021743}]]
2026-01-05T12:23:41.744+05:30  INFO 14607 --- [notification-service] [org.springframework.amqp.rabbit.RabbitListenerEndpointContainer#0-1] c.notification.listener.EventListener    : Received TicketAssignedEvent: TKT-20260102-00063 assigned to Sujay
2026-01-05T12:23:41.749+05:30  INFO 14607 --- [notification-service] [org.springframework.amqp.rabbit.RabbitListenerEndpointContainer#0-1] c.n.service.NotificationService          : Creating notification for user Sujay: TICKET_ASSIGNED
2026-01-05T12:23:41.761+05:30  INFO 14607 --- [notification-service] [org.springframework.amqp.rabbit.RabbitListenerEndpointContainer#0-1] c.n.service.NotificationService          : Email notification sent to sujaynsv@gmail.com
2026-01-05T12:23:41.763+05:30 DEBUG 14607 --- [notification-service] [org.springframework.amqp.rabbit.RabbitListenerEndpointContainer#0-1] org.hibernate.SQL                        : 
    insert 
    into
        notifications
        (created_at, delivery_channel, error_message, event_type, is_read, message, notification_type, read_at, retry_count, sent_at, status, subject, ticket_id, ticket_number, updated_at, user_email, user_id, username, notification_id) 
    values
        (?, ?, ?, ?, ?, ?, ?, ?, ?, ?, ?, ?, ?, ?, ?, ?, ?, ?, ?)
2026-01-05T12:23:41.765+05:30 DEBUG 14607 --- [notification-service] [org.springframework.amqp.rabbit.RabbitListenerEndpointContainer#0-1] org.hibernate.SQL                        : 
    update
        notifications 
    set
        created_at=?,
        delivery_channel=?,
        error_message=?,
        event_type=?,
        is_read=?,
        message=?,
        notification_type=?,
        read_at=?,
        retry_count=?,
        sent_at=?,
        status=?,
        subject=?,
        ticket_id=?,
        ticket_number=?,
        updated_at=?,
        user_email=?,
        user_id=?,
        username=? 
    where
        notification_id=?
2026-01-05T12:23:41.767+05:30  INFO 14607 --- [notification-service] [org.springframework.amqp.rabbit.RabbitListenerEndpointContainer#0-1] c.n.service.NotificationService          : Creating notification for user Sujay: TICKET_ASSIGNED
2026-01-05T12:23:41.772+05:30 DEBUG 14607 --- [notification-service] [org.springframework.amqp.rabbit.RabbitListenerEndpointContainer#0-1] org.hibernate.SQL                        : 
    insert 
    into
        notifications
        (created_at, delivery_channel, error_message, event_type, is_read, message, notification_type, read_at, retry_count, sent_at, status, subject, ticket_id, ticket_number, updated_at, user_email, user_id, username, notification_id) 
    values
        (?, ?, ?, ?, ?, ?, ?, ?, ?, ?, ?, ?, ?, ?, ?, ?, ?, ?, ?)
2026-01-05T12:23:41.773+05:30 DEBUG 14607 --- [notification-service] [org.springframework.amqp.rabbit.RabbitListenerEndpointContainer#0-1] org.hibernate.SQL                        : 
    update
        notifications 
    set
        created_at=?,
        delivery_channel=?,
        error_message=?,
        event_type=?,
        is_read=?,
        message=?,
        notification_type=?,
        read_at=?,
        retry_count=?,
        sent_at=?,
        status=?,
        subject=?,
        ticket_id=?,
        ticket_number=?,
        updated_at=?,
        user_email=?,
        user_id=?,
        username=? 
    where
        notification_id=?
2026-01-05T12:23:41.775+05:30  INFO 14607 --- [notification-service] [org.springframework.amqp.rabbit.RabbitListenerEndpointContainer#0-1] c.notification.listener.EventListener    : Agent notification sent for ticket assignment: TKT-20260102-00063
2026-01-05T12:23:45.071+05:30  INFO 14607 --- [notification-service] [task-9] com.notification.service.EmailService    : Email sent to sujaynsv@gmail.com: New Ticket Assigned: TKT-20260102-00063
2026-01-05T12:24:31.328+05:30 DEBUG 14607 --- [notification-service] [pool-2-thread-5] o.s.a.r.listener.BlockingQueueConsumer   : Storing delivery for consumerTag: 'amq.ctag-7kM7lL7w82piXQfeVzaM4g' with deliveryTag: '12' in Consumer@3ff00c4c: tags=[[amq.ctag-7kM7lL7w82piXQfeVzaM4g]], channel=Cached Rabbit Channel: AMQChannel(amqp://guest@127.0.0.1:5672/,1), conn: Proxy@102d4cea Shared Rabbit Connection: SimpleConnection@3b00a7b9 [delegate=amqp://guest@127.0.0.1:5672/, localPort=49732], acknowledgeMode=AUTO local queue size=0
2026-01-05T12:24:31.329+05:30 DEBUG 14607 --- [notification-service] [org.springframework.amqp.rabbit.RabbitListenerEndpointContainer#0-1] o.s.a.r.listener.BlockingQueueConsumer   : Received message: (Body:'[B@4730918e(byte[322])' MessageProperties [headers={__TypeId__=com.ticket.event.TicketAssignedEvent}, contentType=application/json, contentEncoding=UTF-8, contentLength=0, receivedDeliveryMode=PERSISTENT, priority=0, redelivered=false, receivedExchange=ticket.exchange, receivedRoutingKey=ticket.assigned, deliveryTag=12, consumerTag=amq.ctag-7kM7lL7w82piXQfeVzaM4g, consumerQueue=notification.queue])
2026-01-05T12:24:31.330+05:30 DEBUG 14607 --- [notification-service] [org.springframework.amqp.rabbit.RabbitListenerEndpointContainer#0-1] .a.r.l.a.MessagingMessageListenerAdapter : Processing [GenericMessage [payload=com.ticket.event.TicketAssignedEvent@1f2463bd, headers={amqp_receivedDeliveryMode=PERSISTENT, amqp_receivedExchange=ticket.exchange, amqp_deliveryTag=12, amqp_consumerQueue=notification.queue, amqp_redelivered=false, amqp_receivedRoutingKey=ticket.assigned, amqp_contentEncoding=UTF-8, id=491c6341-8572-e547-17a9-e831eb82bfc7, amqp_consumerTag=amq.ctag-7kM7lL7w82piXQfeVzaM4g, amqp_lastInBatch=false, contentType=application/json, __TypeId__=com.ticket.event.TicketAssignedEvent, timestamp=1767596071330}]]
2026-01-05T12:24:31.330+05:30  INFO 14607 --- [notification-service] [org.springframework.amqp.rabbit.RabbitListenerEndpointContainer#0-1] c.notification.listener.EventListener    : Received TicketAssignedEvent: TKT-20260102-00063 assigned to sarah_agent
2026-01-05T12:24:31.332+05:30  INFO 14607 --- [notification-service] [org.springframework.amqp.rabbit.RabbitListenerEndpointContainer#0-1] c.n.service.NotificationService          : Creating notification for user sarah_agent: TICKET_ASSIGNED
2026-01-05T12:24:31.344+05:30  INFO 14607 --- [notification-service] [org.springframework.amqp.rabbit.RabbitListenerEndpointContainer#0-1] c.n.service.NotificationService          : Email notification sent to sarah@company.com
2026-01-05T12:24:31.345+05:30 DEBUG 14607 --- [notification-service] [org.springframework.amqp.rabbit.RabbitListenerEndpointContainer#0-1] org.hibernate.SQL                        : 
    insert 
    into
        notifications
        (created_at, delivery_channel, error_message, event_type, is_read, message, notification_type, read_at, retry_count, sent_at, status, subject, ticket_id, ticket_number, updated_at, user_email, user_id, username, notification_id) 
    values
        (?, ?, ?, ?, ?, ?, ?, ?, ?, ?, ?, ?, ?, ?, ?, ?, ?, ?, ?)
2026-01-05T12:24:31.348+05:30 DEBUG 14607 --- [notification-service] [org.springframework.amqp.rabbit.RabbitListenerEndpointContainer#0-1] org.hibernate.SQL                        : 
    update
        notifications 
    set
        created_at=?,
        delivery_channel=?,
        error_message=?,
        event_type=?,
        is_read=?,
        message=?,
        notification_type=?,
        read_at=?,
        retry_count=?,
        sent_at=?,
        status=?,
        subject=?,
        ticket_id=?,
        ticket_number=?,
        updated_at=?,
        user_email=?,
        user_id=?,
        username=? 
    where
        notification_id=?
2026-01-05T12:24:31.350+05:30  INFO 14607 --- [notification-service] [org.springframework.amqp.rabbit.RabbitListenerEndpointContainer#0-1] c.n.service.NotificationService          : Creating notification for user sarah_agent: TICKET_ASSIGNED
2026-01-05T12:24:31.356+05:30 DEBUG 14607 --- [notification-service] [org.springframework.amqp.rabbit.RabbitListenerEndpointContainer#0-1] org.hibernate.SQL                        : 
    insert 
    into
        notifications
        (created_at, delivery_channel, error_message, event_type, is_read, message, notification_type, read_at, retry_count, sent_at, status, subject, ticket_id, ticket_number, updated_at, user_email, user_id, username, notification_id) 
    values
        (?, ?, ?, ?, ?, ?, ?, ?, ?, ?, ?, ?, ?, ?, ?, ?, ?, ?, ?)
2026-01-05T12:24:31.358+05:30 DEBUG 14607 --- [notification-service] [org.springframework.amqp.rabbit.RabbitListenerEndpointContainer#0-1] org.hibernate.SQL                        : 
    update
        notifications 
    set
        created_at=?,
        delivery_channel=?,
        error_message=?,
        event_type=?,
        is_read=?,
        message=?,
        notification_type=?,
        read_at=?,
        retry_count=?,
        sent_at=?,
        status=?,
        subject=?,
        ticket_id=?,
        ticket_number=?,
        updated_at=?,
        user_email=?,
        user_id=?,
        username=? 
    where
        notification_id=?
2026-01-05T12:24:31.359+05:30  INFO 14607 --- [notification-service] [org.springframework.amqp.rabbit.RabbitListenerEndpointContainer#0-1] c.notification.listener.EventListener    : Agent notification sent for ticket assignment: TKT-20260102-00063
2026-01-05T12:24:35.125+05:30  INFO 14607 --- [notification-service] [task-10] com.notification.service.EmailService    : Email sent to sarah@company.com: New Ticket Assigned: TKT-20260102-00063
2026-01-05T12:25:39.440+05:30  INFO 14607 --- [notification-service] [AsyncResolver-bootstrap-executor-0] c.n.d.s.r.aws.ConfigClusterResolver      : Resolving eureka endpoints via configuration
2026-01-05T12:30:10.014+05:30 DEBUG 14607 --- [notification-service] [pool-2-thread-6] o.s.a.r.listener.BlockingQueueConsumer   : Storing delivery for consumerTag: 'amq.ctag-7kM7lL7w82piXQfeVzaM4g' with deliveryTag: '13' in Consumer@3ff00c4c: tags=[[amq.ctag-7kM7lL7w82piXQfeVzaM4g]], channel=Cached Rabbit Channel: AMQChannel(amqp://guest@127.0.0.1:5672/,1), conn: Proxy@102d4cea Shared Rabbit Connection: SimpleConnection@3b00a7b9 [delegate=amqp://guest@127.0.0.1:5672/, localPort=49732], acknowledgeMode=AUTO local queue size=0
2026-01-05T12:30:10.017+05:30 DEBUG 14607 --- [notification-service] [org.springframework.amqp.rabbit.RabbitListenerEndpointContainer#0-1] o.s.a.r.listener.BlockingQueueConsumer   : Received message: (Body:'[B@377ef06e(byte[316])' MessageProperties [headers={__TypeId__=com.ticket.event.TicketAssignedEvent}, contentType=application/json, contentEncoding=UTF-8, contentLength=0, receivedDeliveryMode=PERSISTENT, priority=0, redelivered=false, receivedExchange=ticket.exchange, receivedRoutingKey=ticket.assigned, deliveryTag=13, consumerTag=amq.ctag-7kM7lL7w82piXQfeVzaM4g, consumerQueue=notification.queue])
2026-01-05T12:30:10.020+05:30 DEBUG 14607 --- [notification-service] [org.springframework.amqp.rabbit.RabbitListenerEndpointContainer#0-1] .a.r.l.a.MessagingMessageListenerAdapter : Processing [GenericMessage [payload=com.ticket.event.TicketAssignedEvent@2efef924, headers={amqp_receivedDeliveryMode=PERSISTENT, amqp_receivedExchange=ticket.exchange, amqp_deliveryTag=13, amqp_consumerQueue=notification.queue, amqp_redelivered=false, amqp_receivedRoutingKey=ticket.assigned, amqp_contentEncoding=UTF-8, id=1b75163f-74aa-76b0-771c-8d7c57f13c02, amqp_consumerTag=amq.ctag-7kM7lL7w82piXQfeVzaM4g, amqp_lastInBatch=false, contentType=application/json, __TypeId__=com.ticket.event.TicketAssignedEvent, timestamp=1767596410019}]]
2026-01-05T12:30:10.020+05:30  INFO 14607 --- [notification-service] [org.springframework.amqp.rabbit.RabbitListenerEndpointContainer#0-1] c.notification.listener.EventListener    : Received TicketAssignedEvent: TKT-20260102-00063 assigned to Sujay
2026-01-05T12:30:10.023+05:30  INFO 14607 --- [notification-service] [org.springframework.amqp.rabbit.RabbitListenerEndpointContainer#0-1] c.n.service.NotificationService          : Creating notification for user Sujay: TICKET_ASSIGNED
2026-01-05T12:30:10.031+05:30  INFO 14607 --- [notification-service] [org.springframework.amqp.rabbit.RabbitListenerEndpointContainer#0-1] c.n.service.NotificationService          : Email notification sent to sujaynsv@gmail.com
2026-01-05T12:30:10.033+05:30 DEBUG 14607 --- [notification-service] [org.springframework.amqp.rabbit.RabbitListenerEndpointContainer#0-1] org.hibernate.SQL                        : 
    insert 
    into
        notifications
        (created_at, delivery_channel, error_message, event_type, is_read, message, notification_type, read_at, retry_count, sent_at, status, subject, ticket_id, ticket_number, updated_at, user_email, user_id, username, notification_id) 
    values
        (?, ?, ?, ?, ?, ?, ?, ?, ?, ?, ?, ?, ?, ?, ?, ?, ?, ?, ?)
2026-01-05T12:30:10.035+05:30 DEBUG 14607 --- [notification-service] [org.springframework.amqp.rabbit.RabbitListenerEndpointContainer#0-1] org.hibernate.SQL                        : 
    update
        notifications 
    set
        created_at=?,
        delivery_channel=?,
        error_message=?,
        event_type=?,
        is_read=?,
        message=?,
        notification_type=?,
        read_at=?,
        retry_count=?,
        sent_at=?,
        status=?,
        subject=?,
        ticket_id=?,
        ticket_number=?,
        updated_at=?,
        user_email=?,
        user_id=?,
        username=? 
    where
        notification_id=?
2026-01-05T12:30:10.037+05:30  INFO 14607 --- [notification-service] [org.springframework.amqp.rabbit.RabbitListenerEndpointContainer#0-1] c.n.service.NotificationService          : Creating notification for user Sujay: TICKET_ASSIGNED
2026-01-05T12:30:10.039+05:30 DEBUG 14607 --- [notification-service] [org.springframework.amqp.rabbit.RabbitListenerEndpointContainer#0-1] org.hibernate.SQL                        : 
    insert 
    into
        notifications
        (created_at, delivery_channel, error_message, event_type, is_read, message, notification_type, read_at, retry_count, sent_at, status, subject, ticket_id, ticket_number, updated_at, user_email, user_id, username, notification_id) 
    values
        (?, ?, ?, ?, ?, ?, ?, ?, ?, ?, ?, ?, ?, ?, ?, ?, ?, ?, ?)
2026-01-05T12:30:10.040+05:30 DEBUG 14607 --- [notification-service] [org.springframework.amqp.rabbit.RabbitListenerEndpointContainer#0-1] org.hibernate.SQL                        : 
    update
        notifications 
    set
        created_at=?,
        delivery_channel=?,
        error_message=?,
        event_type=?,
        is_read=?,
        message=?,
        notification_type=?,
        read_at=?,
        retry_count=?,
        sent_at=?,
        status=?,
        subject=?,
        ticket_id=?,
        ticket_number=?,
        updated_at=?,
        user_email=?,
        user_id=?,
        username=? 
    where
        notification_id=?
2026-01-05T12:30:10.041+05:30  INFO 14607 --- [notification-service] [org.springframework.amqp.rabbit.RabbitListenerEndpointContainer#0-1] c.notification.listener.EventListener    : Agent notification sent for ticket assignment: TKT-20260102-00063
2026-01-05T12:30:13.331+05:30  INFO 14607 --- [notification-service] [task-11] com.notification.service.EmailService    : Email sent to sujaynsv@gmail.com: New Ticket Assigned: TKT-20260102-00063
2026-01-05T12:30:39.449+05:30  INFO 14607 --- [notification-service] [AsyncResolver-bootstrap-executor-0] c.n.d.s.r.aws.ConfigClusterResolver      : Resolving eureka endpoints via configuration
2026-01-05T12:32:39.029+05:30 DEBUG 14607 --- [notification-service] [pool-2-thread-7] o.s.a.r.listener.BlockingQueueConsumer   : Storing delivery for consumerTag: 'amq.ctag-7kM7lL7w82piXQfeVzaM4g' with deliveryTag: '14' in Consumer@3ff00c4c: tags=[[amq.ctag-7kM7lL7w82piXQfeVzaM4g]], channel=Cached Rabbit Channel: AMQChannel(amqp://guest@127.0.0.1:5672/,1), conn: Proxy@102d4cea Shared Rabbit Connection: SimpleConnection@3b00a7b9 [delegate=amqp://guest@127.0.0.1:5672/, localPort=49732], acknowledgeMode=AUTO local queue size=0
2026-01-05T12:32:39.032+05:30 DEBUG 14607 --- [notification-service] [org.springframework.amqp.rabbit.RabbitListenerEndpointContainer#0-1] o.s.a.r.listener.BlockingQueueConsumer   : Received message: (Body:'[B@4a0e5f4e(byte[322])' MessageProperties [headers={__TypeId__=com.ticket.event.TicketAssignedEvent}, contentType=application/json, contentEncoding=UTF-8, contentLength=0, receivedDeliveryMode=PERSISTENT, priority=0, redelivered=false, receivedExchange=ticket.exchange, receivedRoutingKey=ticket.assigned, deliveryTag=14, consumerTag=amq.ctag-7kM7lL7w82piXQfeVzaM4g, consumerQueue=notification.queue])
2026-01-05T12:32:39.035+05:30 DEBUG 14607 --- [notification-service] [org.springframework.amqp.rabbit.RabbitListenerEndpointContainer#0-1] .a.r.l.a.MessagingMessageListenerAdapter : Processing [GenericMessage [payload=com.ticket.event.TicketAssignedEvent@27247715, headers={amqp_receivedDeliveryMode=PERSISTENT, amqp_receivedExchange=ticket.exchange, amqp_deliveryTag=14, amqp_consumerQueue=notification.queue, amqp_redelivered=false, amqp_receivedRoutingKey=ticket.assigned, amqp_contentEncoding=UTF-8, id=3e494389-9229-e030-572b-01878cc2b8f5, amqp_consumerTag=amq.ctag-7kM7lL7w82piXQfeVzaM4g, amqp_lastInBatch=false, contentType=application/json, __TypeId__=com.ticket.event.TicketAssignedEvent, timestamp=1767596559035}]]
2026-01-05T12:32:39.036+05:30  INFO 14607 --- [notification-service] [org.springframework.amqp.rabbit.RabbitListenerEndpointContainer#0-1] c.notification.listener.EventListener    : Received TicketAssignedEvent: TKT-20260102-00063 assigned to sarah_agent
2026-01-05T12:32:39.042+05:30  INFO 14607 --- [notification-service] [org.springframework.amqp.rabbit.RabbitListenerEndpointContainer#0-1] c.n.service.NotificationService          : Creating notification for user sarah_agent: TICKET_ASSIGNED
2026-01-05T12:32:39.055+05:30  INFO 14607 --- [notification-service] [org.springframework.amqp.rabbit.RabbitListenerEndpointContainer#0-1] c.n.service.NotificationService          : Email notification sent to sarah@company.com
2026-01-05T12:32:39.057+05:30 DEBUG 14607 --- [notification-service] [org.springframework.amqp.rabbit.RabbitListenerEndpointContainer#0-1] org.hibernate.SQL                        : 
    insert 
    into
        notifications
        (created_at, delivery_channel, error_message, event_type, is_read, message, notification_type, read_at, retry_count, sent_at, status, subject, ticket_id, ticket_number, updated_at, user_email, user_id, username, notification_id) 
    values
        (?, ?, ?, ?, ?, ?, ?, ?, ?, ?, ?, ?, ?, ?, ?, ?, ?, ?, ?)
2026-01-05T12:32:39.060+05:30 DEBUG 14607 --- [notification-service] [org.springframework.amqp.rabbit.RabbitListenerEndpointContainer#0-1] org.hibernate.SQL                        : 
    update
        notifications 
    set
        created_at=?,
        delivery_channel=?,
        error_message=?,
        event_type=?,
        is_read=?,
        message=?,
        notification_type=?,
        read_at=?,
        retry_count=?,
        sent_at=?,
        status=?,
        subject=?,
        ticket_id=?,
        ticket_number=?,
        updated_at=?,
        user_email=?,
        user_id=?,
        username=? 
    where
        notification_id=?
2026-01-05T12:32:39.062+05:30  INFO 14607 --- [notification-service] [org.springframework.amqp.rabbit.RabbitListenerEndpointContainer#0-1] c.n.service.NotificationService          : Creating notification for user sarah_agent: TICKET_ASSIGNED
2026-01-05T12:32:39.067+05:30 DEBUG 14607 --- [notification-service] [org.springframework.amqp.rabbit.RabbitListenerEndpointContainer#0-1] org.hibernate.SQL                        : 
    insert 
    into
        notifications
        (created_at, delivery_channel, error_message, event_type, is_read, message, notification_type, read_at, retry_count, sent_at, status, subject, ticket_id, ticket_number, updated_at, user_email, user_id, username, notification_id) 
    values
        (?, ?, ?, ?, ?, ?, ?, ?, ?, ?, ?, ?, ?, ?, ?, ?, ?, ?, ?)
2026-01-05T12:32:39.068+05:30 DEBUG 14607 --- [notification-service] [org.springframework.amqp.rabbit.RabbitListenerEndpointContainer#0-1] org.hibernate.SQL                        : 
    update
        notifications 
    set
        created_at=?,
        delivery_channel=?,
        error_message=?,
        event_type=?,
        is_read=?,
        message=?,
        notification_type=?,
        read_at=?,
        retry_count=?,
        sent_at=?,
        status=?,
        subject=?,
        ticket_id=?,
        ticket_number=?,
        updated_at=?,
        user_email=?,
        user_id=?,
        username=? 
    where
        notification_id=?
2026-01-05T12:32:39.069+05:30  INFO 14607 --- [notification-service] [org.springframework.amqp.rabbit.RabbitListenerEndpointContainer#0-1] c.notification.listener.EventListener    : Agent notification sent for ticket assignment: TKT-20260102-00063
2026-01-05T12:32:42.435+05:30  INFO 14607 --- [notification-service] [task-12] com.notification.service.EmailService    : Email sent to sarah@company.com: New Ticket Assigned: TKT-20260102-00063
2026-01-05T12:33:57.264+05:30 DEBUG 14607 --- [notification-service] [pool-2-thread-8] o.s.a.r.listener.BlockingQueueConsumer   : Storing delivery for consumerTag: 'amq.ctag-7kM7lL7w82piXQfeVzaM4g' with deliveryTag: '15' in Consumer@3ff00c4c: tags=[[amq.ctag-7kM7lL7w82piXQfeVzaM4g]], channel=Cached Rabbit Channel: AMQChannel(amqp://guest@127.0.0.1:5672/,1), conn: Proxy@102d4cea Shared Rabbit Connection: SimpleConnection@3b00a7b9 [delegate=amqp://guest@127.0.0.1:5672/, localPort=49732], acknowledgeMode=AUTO local queue size=0
2026-01-05T12:33:57.267+05:30 DEBUG 14607 --- [notification-service] [org.springframework.amqp.rabbit.RabbitListenerEndpointContainer#0-1] o.s.a.r.listener.BlockingQueueConsumer   : Received message: (Body:'[B@48b7be13(byte[316])' MessageProperties [headers={__TypeId__=com.ticket.event.TicketAssignedEvent}, contentType=application/json, contentEncoding=UTF-8, contentLength=0, receivedDeliveryMode=PERSISTENT, priority=0, redelivered=false, receivedExchange=ticket.exchange, receivedRoutingKey=ticket.assigned, deliveryTag=15, consumerTag=amq.ctag-7kM7lL7w82piXQfeVzaM4g, consumerQueue=notification.queue])
2026-01-05T12:33:57.272+05:30 DEBUG 14607 --- [notification-service] [org.springframework.amqp.rabbit.RabbitListenerEndpointContainer#0-1] .a.r.l.a.MessagingMessageListenerAdapter : Processing [GenericMessage [payload=com.ticket.event.TicketAssignedEvent@22526b0, headers={amqp_receivedDeliveryMode=PERSISTENT, amqp_receivedExchange=ticket.exchange, amqp_deliveryTag=15, amqp_consumerQueue=notification.queue, amqp_redelivered=false, amqp_receivedRoutingKey=ticket.assigned, amqp_contentEncoding=UTF-8, id=2c79be42-d42f-3f47-42b2-d551becf7d8b, amqp_consumerTag=amq.ctag-7kM7lL7w82piXQfeVzaM4g, amqp_lastInBatch=false, contentType=application/json, __TypeId__=com.ticket.event.TicketAssignedEvent, timestamp=1767596637272}]]
2026-01-05T12:33:57.272+05:30  INFO 14607 --- [notification-service] [org.springframework.amqp.rabbit.RabbitListenerEndpointContainer#0-1] c.notification.listener.EventListener    : Received TicketAssignedEvent: TKT-20260102-00063 assigned to Sujay
2026-01-05T12:33:57.278+05:30  INFO 14607 --- [notification-service] [org.springframework.amqp.rabbit.RabbitListenerEndpointContainer#0-1] c.n.service.NotificationService          : Creating notification for user Sujay: TICKET_ASSIGNED
2026-01-05T12:33:57.293+05:30  INFO 14607 --- [notification-service] [org.springframework.amqp.rabbit.RabbitListenerEndpointContainer#0-1] c.n.service.NotificationService          : Email notification sent to sujaynsv@gmail.com
2026-01-05T12:33:57.295+05:30 DEBUG 14607 --- [notification-service] [org.springframework.amqp.rabbit.RabbitListenerEndpointContainer#0-1] org.hibernate.SQL                        : 
    insert 
    into
        notifications
        (created_at, delivery_channel, error_message, event_type, is_read, message, notification_type, read_at, retry_count, sent_at, status, subject, ticket_id, ticket_number, updated_at, user_email, user_id, username, notification_id) 
    values
        (?, ?, ?, ?, ?, ?, ?, ?, ?, ?, ?, ?, ?, ?, ?, ?, ?, ?, ?)
2026-01-05T12:33:57.297+05:30 DEBUG 14607 --- [notification-service] [org.springframework.amqp.rabbit.RabbitListenerEndpointContainer#0-1] org.hibernate.SQL                        : 
    update
        notifications 
    set
        created_at=?,
        delivery_channel=?,
        error_message=?,
        event_type=?,
        is_read=?,
        message=?,
        notification_type=?,
        read_at=?,
        retry_count=?,
        sent_at=?,
        status=?,
        subject=?,
        ticket_id=?,
        ticket_number=?,
        updated_at=?,
        user_email=?,
        user_id=?,
        username=? 
    where
        notification_id=?
2026-01-05T12:33:57.298+05:30  INFO 14607 --- [notification-service] [org.springframework.amqp.rabbit.RabbitListenerEndpointContainer#0-1] c.n.service.NotificationService          : Creating notification for user Sujay: TICKET_ASSIGNED
2026-01-05T12:33:57.304+05:30 DEBUG 14607 --- [notification-service] [org.springframework.amqp.rabbit.RabbitListenerEndpointContainer#0-1] org.hibernate.SQL                        : 
    insert 
    into
        notifications
        (created_at, delivery_channel, error_message, event_type, is_read, message, notification_type, read_at, retry_count, sent_at, status, subject, ticket_id, ticket_number, updated_at, user_email, user_id, username, notification_id) 
    values
        (?, ?, ?, ?, ?, ?, ?, ?, ?, ?, ?, ?, ?, ?, ?, ?, ?, ?, ?)
2026-01-05T12:33:57.306+05:30 DEBUG 14607 --- [notification-service] [org.springframework.amqp.rabbit.RabbitListenerEndpointContainer#0-1] org.hibernate.SQL                        : 
    update
        notifications 
    set
        created_at=?,
        delivery_channel=?,
        error_message=?,
        event_type=?,
        is_read=?,
        message=?,
        notification_type=?,
        read_at=?,
        retry_count=?,
        sent_at=?,
        status=?,
        subject=?,
        ticket_id=?,
        ticket_number=?,
        updated_at=?,
        user_email=?,
        user_id=?,
        username=? 
    where
        notification_id=?
2026-01-05T12:33:57.307+05:30  INFO 14607 --- [notification-service] [org.springframework.amqp.rabbit.RabbitListenerEndpointContainer#0-1] c.notification.listener.EventListener    : Agent notification sent for ticket assignment: TKT-20260102-00063
2026-01-05T12:34:00.867+05:30  INFO 14607 --- [notification-service] [task-13] com.notification.service.EmailService    : Email sent to sujaynsv@gmail.com: New Ticket Assigned: TKT-20260102-00063
2026-01-05T12:35:39.456+05:30  INFO 14607 --- [notification-service] [AsyncResolver-bootstrap-executor-0] c.n.d.s.r.aws.ConfigClusterResolver      : Resolving eureka endpoints via configuration
2026-01-05T12:40:39.464+05:30  INFO 14607 --- [notification-service] [AsyncResolver-bootstrap-executor-0] c.n.d.s.r.aws.ConfigClusterResolver      : Resolving eureka endpoints via configuration
2026-01-05T12:42:44.226+05:30 DEBUG 14607 --- [notification-service] [pool-2-thread-9] o.s.a.r.listener.BlockingQueueConsumer   : Storing delivery for consumerTag: 'amq.ctag-7kM7lL7w82piXQfeVzaM4g' with deliveryTag: '16' in Consumer@3ff00c4c: tags=[[amq.ctag-7kM7lL7w82piXQfeVzaM4g]], channel=Cached Rabbit Channel: AMQChannel(amqp://guest@127.0.0.1:5672/,1), conn: Proxy@102d4cea Shared Rabbit Connection: SimpleConnection@3b00a7b9 [delegate=amqp://guest@127.0.0.1:5672/, localPort=49732], acknowledgeMode=AUTO local queue size=0
2026-01-05T12:42:44.228+05:30 DEBUG 14607 --- [notification-service] [org.springframework.amqp.rabbit.RabbitListenerEndpointContainer#0-1] o.s.a.r.listener.BlockingQueueConsumer   : Received message: (Body:'[B@d091bc(byte[316])' MessageProperties [headers={__TypeId__=com.ticket.event.TicketAssignedEvent}, contentType=application/json, contentEncoding=UTF-8, contentLength=0, receivedDeliveryMode=PERSISTENT, priority=0, redelivered=false, receivedExchange=ticket.exchange, receivedRoutingKey=ticket.assigned, deliveryTag=16, consumerTag=amq.ctag-7kM7lL7w82piXQfeVzaM4g, consumerQueue=notification.queue])
2026-01-05T12:42:44.230+05:30 DEBUG 14607 --- [notification-service] [org.springframework.amqp.rabbit.RabbitListenerEndpointContainer#0-1] .a.r.l.a.MessagingMessageListenerAdapter : Processing [GenericMessage [payload=com.ticket.event.TicketAssignedEvent@7cb6222b, headers={amqp_receivedDeliveryMode=PERSISTENT, amqp_receivedExchange=ticket.exchange, amqp_deliveryTag=16, amqp_consumerQueue=notification.queue, amqp_redelivered=false, amqp_receivedRoutingKey=ticket.assigned, amqp_contentEncoding=UTF-8, id=153e7ebb-d679-857c-98f7-3f8164795c78, amqp_consumerTag=amq.ctag-7kM7lL7w82piXQfeVzaM4g, amqp_lastInBatch=false, contentType=application/json, __TypeId__=com.ticket.event.TicketAssignedEvent, timestamp=1767597164229}]]
2026-01-05T12:42:44.230+05:30  INFO 14607 --- [notification-service] [org.springframework.amqp.rabbit.RabbitListenerEndpointContainer#0-1] c.notification.listener.EventListener    : Received TicketAssignedEvent: TKT-20260103-00071 assigned to Sujay
2026-01-05T12:42:44.237+05:30  INFO 14607 --- [notification-service] [org.springframework.amqp.rabbit.RabbitListenerEndpointContainer#0-1] c.n.service.NotificationService          : Creating notification for user Sujay: TICKET_ASSIGNED
2026-01-05T12:42:44.247+05:30  INFO 14607 --- [notification-service] [org.springframework.amqp.rabbit.RabbitListenerEndpointContainer#0-1] c.n.service.NotificationService          : Email notification sent to sujaynsv@gmail.com
2026-01-05T12:42:44.250+05:30 DEBUG 14607 --- [notification-service] [org.springframework.amqp.rabbit.RabbitListenerEndpointContainer#0-1] org.hibernate.SQL                        : 
    insert 
    into
        notifications
        (created_at, delivery_channel, error_message, event_type, is_read, message, notification_type, read_at, retry_count, sent_at, status, subject, ticket_id, ticket_number, updated_at, user_email, user_id, username, notification_id) 
    values
        (?, ?, ?, ?, ?, ?, ?, ?, ?, ?, ?, ?, ?, ?, ?, ?, ?, ?, ?)
2026-01-05T12:42:44.255+05:30 DEBUG 14607 --- [notification-service] [org.springframework.amqp.rabbit.RabbitListenerEndpointContainer#0-1] org.hibernate.SQL                        : 
    update
        notifications 
    set
        created_at=?,
        delivery_channel=?,
        error_message=?,
        event_type=?,
        is_read=?,
        message=?,
        notification_type=?,
        read_at=?,
        retry_count=?,
        sent_at=?,
        status=?,
        subject=?,
        ticket_id=?,
        ticket_number=?,
        updated_at=?,
        user_email=?,
        user_id=?,
        username=? 
    where
        notification_id=?
2026-01-05T12:42:44.260+05:30  INFO 14607 --- [notification-service] [org.springframework.amqp.rabbit.RabbitListenerEndpointContainer#0-1] c.n.service.NotificationService          : Creating notification for user Sujay: TICKET_ASSIGNED
2026-01-05T12:42:44.265+05:30 DEBUG 14607 --- [notification-service] [org.springframework.amqp.rabbit.RabbitListenerEndpointContainer#0-1] org.hibernate.SQL                        : 
    insert 
    into
        notifications
        (created_at, delivery_channel, error_message, event_type, is_read, message, notification_type, read_at, retry_count, sent_at, status, subject, ticket_id, ticket_number, updated_at, user_email, user_id, username, notification_id) 
    values
        (?, ?, ?, ?, ?, ?, ?, ?, ?, ?, ?, ?, ?, ?, ?, ?, ?, ?, ?)
2026-01-05T12:42:44.267+05:30 DEBUG 14607 --- [notification-service] [org.springframework.amqp.rabbit.RabbitListenerEndpointContainer#0-1] org.hibernate.SQL                        : 
    update
        notifications 
    set
        created_at=?,
        delivery_channel=?,
        error_message=?,
        event_type=?,
        is_read=?,
        message=?,
        notification_type=?,
        read_at=?,
        retry_count=?,
        sent_at=?,
        status=?,
        subject=?,
        ticket_id=?,
        ticket_number=?,
        updated_at=?,
        user_email=?,
        user_id=?,
        username=? 
    where
        notification_id=?
2026-01-05T12:42:44.268+05:30  INFO 14607 --- [notification-service] [org.springframework.amqp.rabbit.RabbitListenerEndpointContainer#0-1] c.notification.listener.EventListener    : Agent notification sent for ticket assignment: TKT-20260103-00071
2026-01-05T12:42:47.781+05:30  INFO 14607 --- [notification-service] [task-14] com.notification.service.EmailService    : Email sent to sujaynsv@gmail.com: New Ticket Assigned: TKT-20260103-00071
2026-01-05T12:45:39.490+05:30  INFO 14607 --- [notification-service] [AsyncResolver-bootstrap-executor-0] c.n.d.s.r.aws.ConfigClusterResolver      : Resolving eureka endpoints via configuration
2026-01-05T12:50:39.495+05:30  INFO 14607 --- [notification-service] [AsyncResolver-bootstrap-executor-0] c.n.d.s.r.aws.ConfigClusterResolver      : Resolving eureka endpoints via configuration
2026-01-05T12:55:39.508+05:30  INFO 14607 --- [notification-service] [AsyncResolver-bootstrap-executor-0] c.n.d.s.r.aws.ConfigClusterResolver      : Resolving eureka endpoints via configuration
2026-01-05T13:00:39.519+05:30  INFO 14607 --- [notification-service] [AsyncResolver-bootstrap-executor-0] c.n.d.s.r.aws.ConfigClusterResolver      : Resolving eureka endpoints via configuration
2026-01-05T13:05:39.528+05:30  INFO 14607 --- [notification-service] [AsyncResolver-bootstrap-executor-0] c.n.d.s.r.aws.ConfigClusterResolver      : Resolving eureka endpoints via configuration
2026-01-05T13:10:39.537+05:30  INFO 14607 --- [notification-service] [AsyncResolver-bootstrap-executor-0] c.n.d.s.r.aws.ConfigClusterResolver      : Resolving eureka endpoints via configuration
2026-01-05T13:15:39.546+05:30  INFO 14607 --- [notification-service] [AsyncResolver-bootstrap-executor-0] c.n.d.s.r.aws.ConfigClusterResolver      : Resolving eureka endpoints via configuration
2026-01-05T13:20:39.548+05:30  INFO 14607 --- [notification-service] [AsyncResolver-bootstrap-executor-0] c.n.d.s.r.aws.ConfigClusterResolver      : Resolving eureka endpoints via configuration
2026-01-05T13:25:39.560+05:30  INFO 14607 --- [notification-service] [AsyncResolver-bootstrap-executor-0] c.n.d.s.r.aws.ConfigClusterResolver      : Resolving eureka endpoints via configuration
2026-01-05T13:30:39.571+05:30  INFO 14607 --- [notification-service] [AsyncResolver-bootstrap-executor-0] c.n.d.s.r.aws.ConfigClusterResolver      : Resolving eureka endpoints via configuration
2026-01-05T13:49:24.715+05:30  WARN 14607 --- [notification-service] [HikariPool-1 housekeeper] com.zaxxer.hikari.pool.HikariPool        : HikariPool-1 - Thread starvation or clock leap detected (housekeeper delta=17m46s994ms).
2026-01-05T14:11:34.679+05:30  WARN 14607 --- [notification-service] [HikariPool-1 housekeeper] com.zaxxer.hikari.pool.HikariPool        : HikariPool-1 - Thread starvation or clock leap detected (housekeeper delta=22m9s965ms).
2026-01-05T14:14:36.508+05:30  INFO 14607 --- [notification-service] [AsyncResolver-bootstrap-executor-0] c.n.d.s.r.aws.ConfigClusterResolver      : Resolving eureka endpoints via configuration
2026-01-05T14:19:36.492+05:30  INFO 14607 --- [notification-service] [AsyncResolver-bootstrap-executor-0] c.n.d.s.r.aws.ConfigClusterResolver      : Resolving eureka endpoints via configuration
2026-01-05T14:24:36.496+05:30  INFO 14607 --- [notification-service] [AsyncResolver-bootstrap-executor-0] c.n.d.s.r.aws.ConfigClusterResolver      : Resolving eureka endpoints via configuration
2026-01-05T14:29:36.500+05:30  INFO 14607 --- [notification-service] [AsyncResolver-bootstrap-executor-0] c.n.d.s.r.aws.ConfigClusterResolver      : Resolving eureka endpoints via configuration
2026-01-05T14:34:36.497+05:30  INFO 14607 --- [notification-service] [AsyncResolver-bootstrap-executor-0] c.n.d.s.r.aws.ConfigClusterResolver      : Resolving eureka endpoints via configuration
2026-01-05T14:39:36.500+05:30  INFO 14607 --- [notification-service] [AsyncResolver-bootstrap-executor-0] c.n.d.s.r.aws.ConfigClusterResolver      : Resolving eureka endpoints via configuration
2026-01-05T14:44:36.509+05:30  INFO 14607 --- [notification-service] [AsyncResolver-bootstrap-executor-0] c.n.d.s.r.aws.ConfigClusterResolver      : Resolving eureka endpoints via configuration
2026-01-05T14:49:36.548+05:30  INFO 14607 --- [notification-service] [AsyncResolver-bootstrap-executor-0] c.n.d.s.r.aws.ConfigClusterResolver      : Resolving eureka endpoints via configuration
2026-01-05T14:54:36.554+05:30  INFO 14607 --- [notification-service] [AsyncResolver-bootstrap-executor-0] c.n.d.s.r.aws.ConfigClusterResolver      : Resolving eureka endpoints via configuration
2026-01-05T14:59:36.561+05:30  INFO 14607 --- [notification-service] [AsyncResolver-bootstrap-executor-0] c.n.d.s.r.aws.ConfigClusterResolver      : Resolving eureka endpoints via configuration
2026-01-05T15:04:36.597+05:30  INFO 14607 --- [notification-service] [AsyncResolver-bootstrap-executor-0] c.n.d.s.r.aws.ConfigClusterResolver      : Resolving eureka endpoints via configuration
2026-01-05T15:09:36.604+05:30  INFO 14607 --- [notification-service] [AsyncResolver-bootstrap-executor-0] c.n.d.s.r.aws.ConfigClusterResolver      : Resolving eureka endpoints via configuration
2026-01-05T15:14:36.615+05:30  INFO 14607 --- [notification-service] [AsyncResolver-bootstrap-executor-0] c.n.d.s.r.aws.ConfigClusterResolver      : Resolving eureka endpoints via configuration
2026-01-05T15:19:36.645+05:30  INFO 14607 --- [notification-service] [AsyncResolver-bootstrap-executor-0] c.n.d.s.r.aws.ConfigClusterResolver      : Resolving eureka endpoints via configuration
2026-01-05T15:24:36.654+05:30  INFO 14607 --- [notification-service] [AsyncResolver-bootstrap-executor-0] c.n.d.s.r.aws.ConfigClusterResolver      : Resolving eureka endpoints via configuration
2026-01-05T15:29:36.664+05:30  INFO 14607 --- [notification-service] [AsyncResolver-bootstrap-executor-0] c.n.d.s.r.aws.ConfigClusterResolver      : Resolving eureka endpoints via configuration
2026-01-05T15:34:36.678+05:30  INFO 14607 --- [notification-service] [AsyncResolver-bootstrap-executor-0] c.n.d.s.r.aws.ConfigClusterResolver      : Resolving eureka endpoints via configuration
2026-01-05T15:39:36.688+05:30  INFO 14607 --- [notification-service] [AsyncResolver-bootstrap-executor-0] c.n.d.s.r.aws.ConfigClusterResolver      : Resolving eureka endpoints via configuration
2026-01-05T15:44:36.698+05:30  INFO 14607 --- [notification-service] [AsyncResolver-bootstrap-executor-0] c.n.d.s.r.aws.ConfigClusterResolver      : Resolving eureka endpoints via configuration
2026-01-05T15:49:36.707+05:30  INFO 14607 --- [notification-service] [AsyncResolver-bootstrap-executor-0] c.n.d.s.r.aws.ConfigClusterResolver      : Resolving eureka endpoints via configuration
2026-01-05T15:54:36.682+05:30  INFO 14607 --- [notification-service] [AsyncResolver-bootstrap-executor-0] c.n.d.s.r.aws.ConfigClusterResolver      : Resolving eureka endpoints via configuration
2026-01-05T15:59:35.143+05:30 DEBUG 14607 --- [notification-service] [pool-2-thread-10] o.s.a.r.listener.BlockingQueueConsumer   : Storing delivery for consumerTag: 'amq.ctag-7kM7lL7w82piXQfeVzaM4g' with deliveryTag: '17' in Consumer@3ff00c4c: tags=[[amq.ctag-7kM7lL7w82piXQfeVzaM4g]], channel=Cached Rabbit Channel: AMQChannel(amqp://guest@127.0.0.1:5672/,1), conn: Proxy@102d4cea Shared Rabbit Connection: SimpleConnection@3b00a7b9 [delegate=amqp://guest@127.0.0.1:5672/, localPort=49732], acknowledgeMode=AUTO local queue size=0
2026-01-05T15:59:35.147+05:30 DEBUG 14607 --- [notification-service] [org.springframework.amqp.rabbit.RabbitListenerEndpointContainer#0-1] o.s.a.r.listener.BlockingQueueConsumer   : Received message: (Body:'[B@5323ea19(byte[286])' MessageProperties [headers={__TypeId__=com.ticket.event.TicketStatusChangedEvent}, contentType=application/json, contentEncoding=UTF-8, contentLength=0, receivedDeliveryMode=PERSISTENT, priority=0, redelivered=false, receivedExchange=ticket.exchange, receivedRoutingKey=ticket.status.changed, deliveryTag=17, consumerTag=amq.ctag-7kM7lL7w82piXQfeVzaM4g, consumerQueue=notification.queue])
2026-01-05T15:59:35.155+05:30 DEBUG 14607 --- [notification-service] [org.springframework.amqp.rabbit.RabbitListenerEndpointContainer#0-1] .a.r.l.a.MessagingMessageListenerAdapter : Processing [GenericMessage [payload=com.ticket.event.TicketStatusChangedEvent@aa90a0a, headers={amqp_receivedDeliveryMode=PERSISTENT, amqp_receivedExchange=ticket.exchange, amqp_deliveryTag=17, amqp_consumerQueue=notification.queue, amqp_redelivered=false, amqp_receivedRoutingKey=ticket.status.changed, amqp_contentEncoding=UTF-8, id=5a0ce168-54b1-2698-0c92-05e7b9cb3265, amqp_consumerTag=amq.ctag-7kM7lL7w82piXQfeVzaM4g, amqp_lastInBatch=false, contentType=application/json, __TypeId__=com.ticket.event.TicketStatusChangedEvent, timestamp=1767608975154}]]
2026-01-05T15:59:35.158+05:30  INFO 14607 --- [notification-service] [org.springframework.amqp.rabbit.RabbitListenerEndpointContainer#0-1] c.notification.listener.EventListener    : Received TicketStatusChangedEvent: TKT-20260104-00081 changed from ESCALATED to RESOLVED
2026-01-05T15:59:35.193+05:30  INFO 14607 --- [notification-service] [org.springframework.amqp.rabbit.RabbitListenerEndpointContainer#0-1] c.n.service.NotificationService          : Creating notification for user admin: TICKET_RESOLVED
2026-01-05T15:59:35.215+05:30 DEBUG 14607 --- [notification-service] [org.springframework.amqp.rabbit.RabbitListenerEndpointContainer#0-1] org.hibernate.SQL                        : 
    insert 
    into
        notifications
        (created_at, delivery_channel, error_message, event_type, is_read, message, notification_type, read_at, retry_count, sent_at, status, subject, ticket_id, ticket_number, updated_at, user_email, user_id, username, notification_id) 
    values
        (?, ?, ?, ?, ?, ?, ?, ?, ?, ?, ?, ?, ?, ?, ?, ?, ?, ?, ?)
2026-01-05T15:59:35.218+05:30 DEBUG 14607 --- [notification-service] [org.springframework.amqp.rabbit.RabbitListenerEndpointContainer#0-1] org.hibernate.SQL                        : 
    update
        notifications 
    set
        created_at=?,
        delivery_channel=?,
        error_message=?,
        event_type=?,
        is_read=?,
        message=?,
        notification_type=?,
        read_at=?,
        retry_count=?,
        sent_at=?,
        status=?,
        subject=?,
        ticket_id=?,
        ticket_number=?,
        updated_at=?,
        user_email=?,
        user_id=?,
        username=? 
    where
        notification_id=?
2026-01-05T15:59:35.221+05:30  INFO 14607 --- [notification-service] [org.springframework.amqp.rabbit.RabbitListenerEndpointContainer#0-1] c.n.service.NotificationService          : Creating notification for user admin: TICKET_RESOLVED
2026-01-05T15:59:35.242+05:30  INFO 14607 --- [notification-service] [org.springframework.amqp.rabbit.RabbitListenerEndpointContainer#0-1] c.n.service.NotificationService          : Email notification sent to admin@gmail.com
2026-01-05T15:59:35.243+05:30 DEBUG 14607 --- [notification-service] [org.springframework.amqp.rabbit.RabbitListenerEndpointContainer#0-1] org.hibernate.SQL                        : 
    insert 
    into
        notifications
        (created_at, delivery_channel, error_message, event_type, is_read, message, notification_type, read_at, retry_count, sent_at, status, subject, ticket_id, ticket_number, updated_at, user_email, user_id, username, notification_id) 
    values
        (?, ?, ?, ?, ?, ?, ?, ?, ?, ?, ?, ?, ?, ?, ?, ?, ?, ?, ?)
2026-01-05T15:59:35.244+05:30 DEBUG 14607 --- [notification-service] [org.springframework.amqp.rabbit.RabbitListenerEndpointContainer#0-1] org.hibernate.SQL                        : 
    update
        notifications 
    set
        created_at=?,
        delivery_channel=?,
        error_message=?,
        event_type=?,
        is_read=?,
        message=?,
        notification_type=?,
        read_at=?,
        retry_count=?,
        sent_at=?,
        status=?,
        subject=?,
        ticket_id=?,
        ticket_number=?,
        updated_at=?,
        user_email=?,
        user_id=?,
        username=? 
    where
        notification_id=?
2026-01-05T15:59:35.245+05:30  INFO 14607 --- [notification-service] [org.springframework.amqp.rabbit.RabbitListenerEndpointContainer#0-1] c.notification.listener.EventListener    : Status change notification sent for ticket: TKT-20260104-00081
2026-01-05T15:59:36.686+05:30  INFO 14607 --- [notification-service] [AsyncResolver-bootstrap-executor-0] c.n.d.s.r.aws.ConfigClusterResolver      : Resolving eureka endpoints via configuration
2026-01-05T15:59:39.556+05:30  INFO 14607 --- [notification-service] [task-15] com.notification.service.EmailService    : Email sent to admin@gmail.com: Ticket Status Updated: TKT-20260104-00081
2026-01-05T16:04:36.690+05:30  INFO 14607 --- [notification-service] [AsyncResolver-bootstrap-executor-0] c.n.d.s.r.aws.ConfigClusterResolver      : Resolving eureka endpoints via configuration
2026-01-05T16:09:36.704+05:30  INFO 14607 --- [notification-service] [AsyncResolver-bootstrap-executor-0] c.n.d.s.r.aws.ConfigClusterResolver      : Resolving eureka endpoints via configuration
2026-01-05T16:14:36.714+05:30  INFO 14607 --- [notification-service] [AsyncResolver-bootstrap-executor-0] c.n.d.s.r.aws.ConfigClusterResolver      : Resolving eureka endpoints via configuration
2026-01-05T16:18:56.284+05:30 DEBUG 14607 --- [notification-service] [pool-2-thread-11] o.s.a.r.listener.BlockingQueueConsumer   : Storing delivery for consumerTag: 'amq.ctag-7kM7lL7w82piXQfeVzaM4g' with deliveryTag: '18' in Consumer@3ff00c4c: tags=[[amq.ctag-7kM7lL7w82piXQfeVzaM4g]], channel=Cached Rabbit Channel: AMQChannel(amqp://guest@127.0.0.1:5672/,1), conn: Proxy@102d4cea Shared Rabbit Connection: SimpleConnection@3b00a7b9 [delegate=amqp://guest@127.0.0.1:5672/, localPort=49732], acknowledgeMode=AUTO local queue size=0
2026-01-05T16:18:56.286+05:30 DEBUG 14607 --- [notification-service] [org.springframework.amqp.rabbit.RabbitListenerEndpointContainer#0-1] o.s.a.r.listener.BlockingQueueConsumer   : Received message: (Body:'[B@2759b874(byte[312])' MessageProperties [headers={__TypeId__=com.ticket.event.TicketAssignedEvent}, contentType=application/json, contentEncoding=UTF-8, contentLength=0, receivedDeliveryMode=PERSISTENT, priority=0, redelivered=false, receivedExchange=ticket.exchange, receivedRoutingKey=ticket.assigned, deliveryTag=18, consumerTag=amq.ctag-7kM7lL7w82piXQfeVzaM4g, consumerQueue=notification.queue])
2026-01-05T16:18:56.289+05:30 DEBUG 14607 --- [notification-service] [org.springframework.amqp.rabbit.RabbitListenerEndpointContainer#0-1] .a.r.l.a.MessagingMessageListenerAdapter : Processing [GenericMessage [payload=com.ticket.event.TicketAssignedEvent@236211fc, headers={amqp_receivedDeliveryMode=PERSISTENT, amqp_receivedExchange=ticket.exchange, amqp_deliveryTag=18, amqp_consumerQueue=notification.queue, amqp_redelivered=false, amqp_receivedRoutingKey=ticket.assigned, amqp_contentEncoding=UTF-8, id=1246fe29-b16d-d3c4-269f-8e9e3cb3a47d, amqp_consumerTag=amq.ctag-7kM7lL7w82piXQfeVzaM4g, amqp_lastInBatch=false, contentType=application/json, __TypeId__=com.ticket.event.TicketAssignedEvent, timestamp=1767610136289}]]
2026-01-05T16:18:56.289+05:30  INFO 14607 --- [notification-service] [org.springframework.amqp.rabbit.RabbitListenerEndpointContainer#0-1] c.notification.listener.EventListener    : Received TicketAssignedEvent: TKT-20260103-00072 assigned to Sujay
2026-01-05T16:18:56.292+05:30  INFO 14607 --- [notification-service] [org.springframework.amqp.rabbit.RabbitListenerEndpointContainer#0-1] c.n.service.NotificationService          : Creating notification for user Sujay: TICKET_ASSIGNED
2026-01-05T16:18:56.305+05:30  INFO 14607 --- [notification-service] [org.springframework.amqp.rabbit.RabbitListenerEndpointContainer#0-1] c.n.service.NotificationService          : Email notification sent to sujaynsv@gmail.com
2026-01-05T16:18:56.307+05:30 DEBUG 14607 --- [notification-service] [org.springframework.amqp.rabbit.RabbitListenerEndpointContainer#0-1] org.hibernate.SQL                        : 
    insert 
    into
        notifications
        (created_at, delivery_channel, error_message, event_type, is_read, message, notification_type, read_at, retry_count, sent_at, status, subject, ticket_id, ticket_number, updated_at, user_email, user_id, username, notification_id) 
    values
        (?, ?, ?, ?, ?, ?, ?, ?, ?, ?, ?, ?, ?, ?, ?, ?, ?, ?, ?)
2026-01-05T16:18:56.317+05:30 DEBUG 14607 --- [notification-service] [org.springframework.amqp.rabbit.RabbitListenerEndpointContainer#0-1] org.hibernate.SQL                        : 
    update
        notifications 
    set
        created_at=?,
        delivery_channel=?,
        error_message=?,
        event_type=?,
        is_read=?,
        message=?,
        notification_type=?,
        read_at=?,
        retry_count=?,
        sent_at=?,
        status=?,
        subject=?,
        ticket_id=?,
        ticket_number=?,
        updated_at=?,
        user_email=?,
        user_id=?,
        username=? 
    where
        notification_id=?
2026-01-05T16:18:56.323+05:30  INFO 14607 --- [notification-service] [org.springframework.amqp.rabbit.RabbitListenerEndpointContainer#0-1] c.n.service.NotificationService          : Creating notification for user Sujay: TICKET_ASSIGNED
2026-01-05T16:18:56.327+05:30 DEBUG 14607 --- [notification-service] [org.springframework.amqp.rabbit.RabbitListenerEndpointContainer#0-1] org.hibernate.SQL                        : 
    insert 
    into
        notifications
        (created_at, delivery_channel, error_message, event_type, is_read, message, notification_type, read_at, retry_count, sent_at, status, subject, ticket_id, ticket_number, updated_at, user_email, user_id, username, notification_id) 
    values
        (?, ?, ?, ?, ?, ?, ?, ?, ?, ?, ?, ?, ?, ?, ?, ?, ?, ?, ?)
2026-01-05T16:18:56.328+05:30 DEBUG 14607 --- [notification-service] [org.springframework.amqp.rabbit.RabbitListenerEndpointContainer#0-1] org.hibernate.SQL                        : 
    update
        notifications 
    set
        created_at=?,
        delivery_channel=?,
        error_message=?,
        event_type=?,
        is_read=?,
        message=?,
        notification_type=?,
        read_at=?,
        retry_count=?,
        sent_at=?,
        status=?,
        subject=?,
        ticket_id=?,
        ticket_number=?,
        updated_at=?,
        user_email=?,
        user_id=?,
        username=? 
    where
        notification_id=?
2026-01-05T16:18:56.329+05:30  INFO 14607 --- [notification-service] [org.springframework.amqp.rabbit.RabbitListenerEndpointContainer#0-1] c.notification.listener.EventListener    : Agent notification sent for ticket assignment: TKT-20260103-00072
2026-01-05T16:18:59.679+05:30  INFO 14607 --- [notification-service] [task-16] com.notification.service.EmailService    : Email sent to sujaynsv@gmail.com: New Ticket Assigned: TKT-20260103-00072
2026-01-05T16:19:36.722+05:30  INFO 14607 --- [notification-service] [AsyncResolver-bootstrap-executor-0] c.n.d.s.r.aws.ConfigClusterResolver      : Resolving eureka endpoints via configuration
2026-01-05T16:24:36.730+05:30  INFO 14607 --- [notification-service] [AsyncResolver-bootstrap-executor-0] c.n.d.s.r.aws.ConfigClusterResolver      : Resolving eureka endpoints via configuration
2026-01-05T16:29:36.736+05:30  INFO 14607 --- [notification-service] [AsyncResolver-bootstrap-executor-0] c.n.d.s.r.aws.ConfigClusterResolver      : Resolving eureka endpoints via configuration
2026-01-05T16:34:36.741+05:30  INFO 14607 --- [notification-service] [AsyncResolver-bootstrap-executor-0] c.n.d.s.r.aws.ConfigClusterResolver      : Resolving eureka endpoints via configuration
2026-01-05T16:39:36.760+05:30  INFO 14607 --- [notification-service] [AsyncResolver-bootstrap-executor-0] c.n.d.s.r.aws.ConfigClusterResolver      : Resolving eureka endpoints via configuration
2026-01-05T16:44:36.769+05:30  INFO 14607 --- [notification-service] [AsyncResolver-bootstrap-executor-0] c.n.d.s.r.aws.ConfigClusterResolver      : Resolving eureka endpoints via configuration
2026-01-05T16:49:36.777+05:30  INFO 14607 --- [notification-service] [AsyncResolver-bootstrap-executor-0] c.n.d.s.r.aws.ConfigClusterResolver      : Resolving eureka endpoints via configuration
2026-01-05T16:54:36.764+05:30  INFO 14607 --- [notification-service] [AsyncResolver-bootstrap-executor-0] c.n.d.s.r.aws.ConfigClusterResolver      : Resolving eureka endpoints via configuration
2026-01-05T16:59:36.750+05:30  INFO 14607 --- [notification-service] [AsyncResolver-bootstrap-executor-0] c.n.d.s.r.aws.ConfigClusterResolver      : Resolving eureka endpoints via configuration
2026-01-05T17:04:36.756+05:30  INFO 14607 --- [notification-service] [AsyncResolver-bootstrap-executor-0] c.n.d.s.r.aws.ConfigClusterResolver      : Resolving eureka endpoints via configuration
2026-01-05T17:07:52.559+05:30 DEBUG 14607 --- [notification-service] [pool-2-thread-12] o.s.a.r.listener.BlockingQueueConsumer   : Storing delivery for consumerTag: 'amq.ctag-7kM7lL7w82piXQfeVzaM4g' with deliveryTag: '19' in Consumer@3ff00c4c: tags=[[amq.ctag-7kM7lL7w82piXQfeVzaM4g]], channel=Cached Rabbit Channel: AMQChannel(amqp://guest@127.0.0.1:5672/,1), conn: Proxy@102d4cea Shared Rabbit Connection: SimpleConnection@3b00a7b9 [delegate=amqp://guest@127.0.0.1:5672/, localPort=49732], acknowledgeMode=AUTO local queue size=0
2026-01-05T17:07:52.562+05:30 DEBUG 14607 --- [notification-service] [org.springframework.amqp.rabbit.RabbitListenerEndpointContainer#0-1] o.s.a.r.listener.BlockingQueueConsumer   : Received message: (Body:'[B@56b608ed(byte[318])' MessageProperties [headers={__TypeId__=com.ticket.event.TicketAssignedEvent}, contentType=application/json, contentEncoding=UTF-8, contentLength=0, receivedDeliveryMode=PERSISTENT, priority=0, redelivered=false, receivedExchange=ticket.exchange, receivedRoutingKey=ticket.assigned, deliveryTag=19, consumerTag=amq.ctag-7kM7lL7w82piXQfeVzaM4g, consumerQueue=notification.queue])
2026-01-05T17:07:52.565+05:30 DEBUG 14607 --- [notification-service] [org.springframework.amqp.rabbit.RabbitListenerEndpointContainer#0-1] .a.r.l.a.MessagingMessageListenerAdapter : Processing [GenericMessage [payload=com.ticket.event.TicketAssignedEvent@116a8c89, headers={amqp_receivedDeliveryMode=PERSISTENT, amqp_receivedExchange=ticket.exchange, amqp_deliveryTag=19, amqp_consumerQueue=notification.queue, amqp_redelivered=false, amqp_receivedRoutingKey=ticket.assigned, amqp_contentEncoding=UTF-8, id=88bd6a81-73c4-6304-c149-985b3041f654, amqp_consumerTag=amq.ctag-7kM7lL7w82piXQfeVzaM4g, amqp_lastInBatch=false, contentType=application/json, __TypeId__=com.ticket.event.TicketAssignedEvent, timestamp=1767613072564}]]
2026-01-05T17:07:52.565+05:30  INFO 14607 --- [notification-service] [org.springframework.amqp.rabbit.RabbitListenerEndpointContainer#0-1] c.notification.listener.EventListener    : Received TicketAssignedEvent: TKT-20260104-00081 assigned to sarah_agent
2026-01-05T17:07:52.570+05:30  INFO 14607 --- [notification-service] [org.springframework.amqp.rabbit.RabbitListenerEndpointContainer#0-1] c.n.service.NotificationService          : Creating notification for user sarah_agent: TICKET_ASSIGNED
2026-01-05T17:07:52.593+05:30  INFO 14607 --- [notification-service] [org.springframework.amqp.rabbit.RabbitListenerEndpointContainer#0-1] c.n.service.NotificationService          : Email notification sent to sarah@company.com
2026-01-05T17:07:52.599+05:30 DEBUG 14607 --- [notification-service] [org.springframework.amqp.rabbit.RabbitListenerEndpointContainer#0-1] org.hibernate.SQL                        : 
    insert 
    into
        notifications
        (created_at, delivery_channel, error_message, event_type, is_read, message, notification_type, read_at, retry_count, sent_at, status, subject, ticket_id, ticket_number, updated_at, user_email, user_id, username, notification_id) 
    values
        (?, ?, ?, ?, ?, ?, ?, ?, ?, ?, ?, ?, ?, ?, ?, ?, ?, ?, ?)
2026-01-05T17:07:52.610+05:30 DEBUG 14607 --- [notification-service] [org.springframework.amqp.rabbit.RabbitListenerEndpointContainer#0-1] org.hibernate.SQL                        : 
    update
        notifications 
    set
        created_at=?,
        delivery_channel=?,
        error_message=?,
        event_type=?,
        is_read=?,
        message=?,
        notification_type=?,
        read_at=?,
        retry_count=?,
        sent_at=?,
        status=?,
        subject=?,
        ticket_id=?,
        ticket_number=?,
        updated_at=?,
        user_email=?,
        user_id=?,
        username=? 
    where
        notification_id=?
2026-01-05T17:07:52.614+05:30  INFO 14607 --- [notification-service] [org.springframework.amqp.rabbit.RabbitListenerEndpointContainer#0-1] c.n.service.NotificationService          : Creating notification for user sarah_agent: TICKET_ASSIGNED
2026-01-05T17:07:52.622+05:30 DEBUG 14607 --- [notification-service] [org.springframework.amqp.rabbit.RabbitListenerEndpointContainer#0-1] org.hibernate.SQL                        : 
    insert 
    into
        notifications
        (created_at, delivery_channel, error_message, event_type, is_read, message, notification_type, read_at, retry_count, sent_at, status, subject, ticket_id, ticket_number, updated_at, user_email, user_id, username, notification_id) 
    values
        (?, ?, ?, ?, ?, ?, ?, ?, ?, ?, ?, ?, ?, ?, ?, ?, ?, ?, ?)
2026-01-05T17:07:52.630+05:30 DEBUG 14607 --- [notification-service] [org.springframework.amqp.rabbit.RabbitListenerEndpointContainer#0-1] org.hibernate.SQL                        : 
    update
        notifications 
    set
        created_at=?,
        delivery_channel=?,
        error_message=?,
        event_type=?,
        is_read=?,
        message=?,
        notification_type=?,
        read_at=?,
        retry_count=?,
        sent_at=?,
        status=?,
        subject=?,
        ticket_id=?,
        ticket_number=?,
        updated_at=?,
        user_email=?,
        user_id=?,
        username=? 
    where
        notification_id=?
2026-01-05T17:07:52.632+05:30  INFO 14607 --- [notification-service] [org.springframework.amqp.rabbit.RabbitListenerEndpointContainer#0-1] c.notification.listener.EventListener    : Agent notification sent for ticket assignment: TKT-20260104-00081
2026-01-05T17:07:56.277+05:30  INFO 14607 --- [notification-service] [task-17] com.notification.service.EmailService    : Email sent to sarah@company.com: New Ticket Assigned: TKT-20260104-00081
2026-01-05T17:09:36.760+05:30  INFO 14607 --- [notification-service] [AsyncResolver-bootstrap-executor-0] c.n.d.s.r.aws.ConfigClusterResolver      : Resolving eureka endpoints via configuration
2026-01-05T17:14:36.768+05:30  INFO 14607 --- [notification-service] [AsyncResolver-bootstrap-executor-0] c.n.d.s.r.aws.ConfigClusterResolver      : Resolving eureka endpoints via configuration
2026-01-05T17:19:36.776+05:30  INFO 14607 --- [notification-service] [AsyncResolver-bootstrap-executor-0] c.n.d.s.r.aws.ConfigClusterResolver      : Resolving eureka endpoints via configuration
2026-01-05T17:24:36.779+05:30  INFO 14607 --- [notification-service] [AsyncResolver-bootstrap-executor-0] c.n.d.s.r.aws.ConfigClusterResolver      : Resolving eureka endpoints via configuration
2026-01-05T17:27:44.539+05:30 DEBUG 14607 --- [notification-service] [pool-2-thread-3] o.s.a.r.listener.BlockingQueueConsumer   : Storing delivery for consumerTag: 'amq.ctag-7kM7lL7w82piXQfeVzaM4g' with deliveryTag: '20' in Consumer@3ff00c4c: tags=[[amq.ctag-7kM7lL7w82piXQfeVzaM4g]], channel=Cached Rabbit Channel: AMQChannel(amqp://guest@127.0.0.1:5672/,1), conn: Proxy@102d4cea Shared Rabbit Connection: SimpleConnection@3b00a7b9 [delegate=amqp://guest@127.0.0.1:5672/, localPort=49732], acknowledgeMode=AUTO local queue size=0
2026-01-05T17:27:44.542+05:30 DEBUG 14607 --- [notification-service] [org.springframework.amqp.rabbit.RabbitListenerEndpointContainer#0-1] o.s.a.r.listener.BlockingQueueConsumer   : Received message: (Body:'[B@1d997bc5(byte[291])' MessageProperties [headers={__TypeId__=com.ticket.event.TicketStatusChangedEvent}, contentType=application/json, contentEncoding=UTF-8, contentLength=0, receivedDeliveryMode=PERSISTENT, priority=0, redelivered=false, receivedExchange=ticket.exchange, receivedRoutingKey=ticket.status.changed, deliveryTag=20, consumerTag=amq.ctag-7kM7lL7w82piXQfeVzaM4g, consumerQueue=notification.queue])
2026-01-05T17:27:44.547+05:30 DEBUG 14607 --- [notification-service] [org.springframework.amqp.rabbit.RabbitListenerEndpointContainer#0-1] .a.r.l.a.MessagingMessageListenerAdapter : Processing [GenericMessage [payload=com.ticket.event.TicketStatusChangedEvent@6737c4a0, headers={amqp_receivedDeliveryMode=PERSISTENT, amqp_receivedExchange=ticket.exchange, amqp_deliveryTag=20, amqp_consumerQueue=notification.queue, amqp_redelivered=false, amqp_receivedRoutingKey=ticket.status.changed, amqp_contentEncoding=UTF-8, id=ba071b71-c469-5333-8ea0-41611d003a5d, amqp_consumerTag=amq.ctag-7kM7lL7w82piXQfeVzaM4g, amqp_lastInBatch=false, contentType=application/json, __TypeId__=com.ticket.event.TicketStatusChangedEvent, timestamp=1767614264546}]]
2026-01-05T17:27:44.548+05:30  INFO 14607 --- [notification-service] [org.springframework.amqp.rabbit.RabbitListenerEndpointContainer#0-1] c.notification.listener.EventListener    : Received TicketStatusChangedEvent: TKT-20260103-00072 changed from ASSIGNED to OPEN
2026-01-05T17:27:44.555+05:30  INFO 14607 --- [notification-service] [org.springframework.amqp.rabbit.RabbitListenerEndpointContainer#0-1] c.n.service.NotificationService          : Creating notification for user admin: TICKET_STATUS_CHANGED
2026-01-05T17:27:44.567+05:30 DEBUG 14607 --- [notification-service] [org.springframework.amqp.rabbit.RabbitListenerEndpointContainer#0-1] org.hibernate.SQL                        : 
    insert 
    into
        notifications
        (created_at, delivery_channel, error_message, event_type, is_read, message, notification_type, read_at, retry_count, sent_at, status, subject, ticket_id, ticket_number, updated_at, user_email, user_id, username, notification_id) 
    values
        (?, ?, ?, ?, ?, ?, ?, ?, ?, ?, ?, ?, ?, ?, ?, ?, ?, ?, ?)
2026-01-05T17:27:44.570+05:30 DEBUG 14607 --- [notification-service] [org.springframework.amqp.rabbit.RabbitListenerEndpointContainer#0-1] org.hibernate.SQL                        : 
    update
        notifications 
    set
        created_at=?,
        delivery_channel=?,
        error_message=?,
        event_type=?,
        is_read=?,
        message=?,
        notification_type=?,
        read_at=?,
        retry_count=?,
        sent_at=?,
        status=?,
        subject=?,
        ticket_id=?,
        ticket_number=?,
        updated_at=?,
        user_email=?,
        user_id=?,
        username=? 
    where
        notification_id=?
2026-01-05T17:27:44.572+05:30  INFO 14607 --- [notification-service] [org.springframework.amqp.rabbit.RabbitListenerEndpointContainer#0-1] c.notification.listener.EventListener    : Status change notification sent for ticket: TKT-20260103-00072
2026-01-05T17:28:35.177+05:30 DEBUG 14607 --- [notification-service] [pool-2-thread-4] o.s.a.r.listener.BlockingQueueConsumer   : Storing delivery for consumerTag: 'amq.ctag-7kM7lL7w82piXQfeVzaM4g' with deliveryTag: '21' in Consumer@3ff00c4c: tags=[[amq.ctag-7kM7lL7w82piXQfeVzaM4g]], channel=Cached Rabbit Channel: AMQChannel(amqp://guest@127.0.0.1:5672/,1), conn: Proxy@102d4cea Shared Rabbit Connection: SimpleConnection@3b00a7b9 [delegate=amqp://guest@127.0.0.1:5672/, localPort=49732], acknowledgeMode=AUTO local queue size=0
2026-01-05T17:28:35.178+05:30 DEBUG 14607 --- [notification-service] [org.springframework.amqp.rabbit.RabbitListenerEndpointContainer#0-1] o.s.a.r.listener.BlockingQueueConsumer   : Received message: (Body:'[B@4ee2fc31(byte[292])' MessageProperties [headers={__TypeId__=com.ticket.event.TicketStatusChangedEvent}, contentType=application/json, contentEncoding=UTF-8, contentLength=0, receivedDeliveryMode=PERSISTENT, priority=0, redelivered=false, receivedExchange=ticket.exchange, receivedRoutingKey=ticket.status.changed, deliveryTag=21, consumerTag=amq.ctag-7kM7lL7w82piXQfeVzaM4g, consumerQueue=notification.queue])
2026-01-05T17:28:35.179+05:30 DEBUG 14607 --- [notification-service] [org.springframework.amqp.rabbit.RabbitListenerEndpointContainer#0-1] .a.r.l.a.MessagingMessageListenerAdapter : Processing [GenericMessage [payload=com.ticket.event.TicketStatusChangedEvent@27b3b12f, headers={amqp_receivedDeliveryMode=PERSISTENT, amqp_receivedExchange=ticket.exchange, amqp_deliveryTag=21, amqp_consumerQueue=notification.queue, amqp_redelivered=false, amqp_receivedRoutingKey=ticket.status.changed, amqp_contentEncoding=UTF-8, id=dc9e4dd0-f360-71c6-90bc-6cd44d5845c1, amqp_consumerTag=amq.ctag-7kM7lL7w82piXQfeVzaM4g, amqp_lastInBatch=false, contentType=application/json, __TypeId__=com.ticket.event.TicketStatusChangedEvent, timestamp=1767614315179}]]
2026-01-05T17:28:35.179+05:30  INFO 14607 --- [notification-service] [org.springframework.amqp.rabbit.RabbitListenerEndpointContainer#0-1] c.notification.listener.EventListener    : Received TicketStatusChangedEvent: TKT-20260104-00081 changed from ASSIGNED to OPEN
2026-01-05T17:28:35.180+05:30  INFO 14607 --- [notification-service] [org.springframework.amqp.rabbit.RabbitListenerEndpointContainer#0-1] c.n.service.NotificationService          : Creating notification for user admin: TICKET_STATUS_CHANGED
2026-01-05T17:28:35.186+05:30 DEBUG 14607 --- [notification-service] [org.springframework.amqp.rabbit.RabbitListenerEndpointContainer#0-1] org.hibernate.SQL                        : 
    insert 
    into
        notifications
        (created_at, delivery_channel, error_message, event_type, is_read, message, notification_type, read_at, retry_count, sent_at, status, subject, ticket_id, ticket_number, updated_at, user_email, user_id, username, notification_id) 
    values
        (?, ?, ?, ?, ?, ?, ?, ?, ?, ?, ?, ?, ?, ?, ?, ?, ?, ?, ?)
2026-01-05T17:28:35.188+05:30 DEBUG 14607 --- [notification-service] [org.springframework.amqp.rabbit.RabbitListenerEndpointContainer#0-1] org.hibernate.SQL                        : 
    update
        notifications 
    set
        created_at=?,
        delivery_channel=?,
        error_message=?,
        event_type=?,
        is_read=?,
        message=?,
        notification_type=?,
        read_at=?,
        retry_count=?,
        sent_at=?,
        status=?,
        subject=?,
        ticket_id=?,
        ticket_number=?,
        updated_at=?,
        user_email=?,
        user_id=?,
        username=? 
    where
        notification_id=?
2026-01-05T17:28:35.189+05:30  INFO 14607 --- [notification-service] [org.springframework.amqp.rabbit.RabbitListenerEndpointContainer#0-1] c.notification.listener.EventListener    : Status change notification sent for ticket: TKT-20260104-00081
2026-01-05T17:29:36.815+05:30  INFO 14607 --- [notification-service] [AsyncResolver-bootstrap-executor-0] c.n.d.s.r.aws.ConfigClusterResolver      : Resolving eureka endpoints via configuration
2026-01-05T17:34:36.823+05:30  INFO 14607 --- [notification-service] [AsyncResolver-bootstrap-executor-0] c.n.d.s.r.aws.ConfigClusterResolver      : Resolving eureka endpoints via configuration
2026-01-05T17:39:36.828+05:30  INFO 14607 --- [notification-service] [AsyncResolver-bootstrap-executor-0] c.n.d.s.r.aws.ConfigClusterResolver      : Resolving eureka endpoints via configuration
2026-01-05T17:44:36.798+05:30  INFO 14607 --- [notification-service] [AsyncResolver-bootstrap-executor-0] c.n.d.s.r.aws.ConfigClusterResolver      : Resolving eureka endpoints via configuration
2026-01-05T17:49:36.801+05:30  INFO 14607 --- [notification-service] [AsyncResolver-bootstrap-executor-0] c.n.d.s.r.aws.ConfigClusterResolver      : Resolving eureka endpoints via configuration
2026-01-05T17:54:36.810+05:30  INFO 14607 --- [notification-service] [AsyncResolver-bootstrap-executor-0] c.n.d.s.r.aws.ConfigClusterResolver      : Resolving eureka endpoints via configuration
2026-01-05T17:59:36.833+05:30  INFO 14607 --- [notification-service] [AsyncResolver-bootstrap-executor-0] c.n.d.s.r.aws.ConfigClusterResolver      : Resolving eureka endpoints via configuration
2026-01-05T18:04:36.839+05:30  INFO 14607 --- [notification-service] [AsyncResolver-bootstrap-executor-0] c.n.d.s.r.aws.ConfigClusterResolver      : Resolving eureka endpoints via configuration
2026-01-05T18:09:36.844+05:30  INFO 14607 --- [notification-service] [AsyncResolver-bootstrap-executor-0] c.n.d.s.r.aws.ConfigClusterResolver      : Resolving eureka endpoints via configuration
2026-01-05T18:14:36.852+05:30  INFO 14607 --- [notification-service] [AsyncResolver-bootstrap-executor-0] c.n.d.s.r.aws.ConfigClusterResolver      : Resolving eureka endpoints via configuration
2026-01-05T18:19:36.862+05:30  INFO 14607 --- [notification-service] [AsyncResolver-bootstrap-executor-0] c.n.d.s.r.aws.ConfigClusterResolver      : Resolving eureka endpoints via configuration
2026-01-05T18:24:36.868+05:30  INFO 14607 --- [notification-service] [AsyncResolver-bootstrap-executor-0] c.n.d.s.r.aws.ConfigClusterResolver      : Resolving eureka endpoints via configuration
2026-01-05T18:29:36.876+05:30  INFO 14607 --- [notification-service] [AsyncResolver-bootstrap-executor-0] c.n.d.s.r.aws.ConfigClusterResolver      : Resolving eureka endpoints via configuration
2026-01-05T18:34:36.890+05:30  INFO 14607 --- [notification-service] [AsyncResolver-bootstrap-executor-0] c.n.d.s.r.aws.ConfigClusterResolver      : Resolving eureka endpoints via configuration
2026-01-05T18:39:36.893+05:30  INFO 14607 --- [notification-service] [AsyncResolver-bootstrap-executor-0] c.n.d.s.r.aws.ConfigClusterResolver      : Resolving eureka endpoints via configuration
2026-01-05T18:44:36.903+05:30  INFO 14607 --- [notification-service] [AsyncResolver-bootstrap-executor-0] c.n.d.s.r.aws.ConfigClusterResolver      : Resolving eureka endpoints via configuration
2026-01-05T18:49:36.929+05:30  INFO 14607 --- [notification-service] [AsyncResolver-bootstrap-executor-0] c.n.d.s.r.aws.ConfigClusterResolver      : Resolving eureka endpoints via configuration
2026-01-05T18:54:36.945+05:30  INFO 14607 --- [notification-service] [AsyncResolver-bootstrap-executor-0] c.n.d.s.r.aws.ConfigClusterResolver      : Resolving eureka endpoints via configuration
2026-01-05T18:59:36.993+05:30  INFO 14607 --- [notification-service] [AsyncResolver-bootstrap-executor-0] c.n.d.s.r.aws.ConfigClusterResolver      : Resolving eureka endpoints via configuration
2026-01-05T19:04:36.990+05:30  INFO 14607 --- [notification-service] [AsyncResolver-bootstrap-executor-0] c.n.d.s.r.aws.ConfigClusterResolver      : Resolving eureka endpoints via configuration
2026-01-05T19:09:36.998+05:30  INFO 14607 --- [notification-service] [AsyncResolver-bootstrap-executor-0] c.n.d.s.r.aws.ConfigClusterResolver      : Resolving eureka endpoints via configuration
2026-01-05T19:14:37.005+05:30  INFO 14607 --- [notification-service] [AsyncResolver-bootstrap-executor-0] c.n.d.s.r.aws.ConfigClusterResolver      : Resolving eureka endpoints via configuration
2026-01-05T19:31:13.667+05:30  WARN 14607 --- [notification-service] [HikariPool-1 housekeeper] com.zaxxer.hikari.pool.HikariPool        : HikariPool-1 - Thread starvation or clock leap detected (housekeeper delta=15m6s580ms).
2026-01-05T19:42:40.802+05:30  WARN 14607 --- [notification-service] [HikariPool-1 housekeeper] com.zaxxer.hikari.pool.HikariPool        : HikariPool-1 - Thread starvation or clock leap detected (housekeeper delta=11m27s135ms).
2026-01-05T19:42:52.046+05:30  INFO 14607 --- [notification-service] [DiscoveryClient-HeartbeatExecutor-0] com.netflix.discovery.DiscoveryClient    : DiscoveryClient_NOTIFICATION-SERVICE/192.168.0.4:notification-service:8084 - Re-registering apps/NOTIFICATION-SERVICE
2026-01-05T19:42:52.047+05:30  INFO 14607 --- [notification-service] [DiscoveryClient-HeartbeatExecutor-0] com.netflix.discovery.DiscoveryClient    : DiscoveryClient_NOTIFICATION-SERVICE/192.168.0.4:notification-service:8084: registering service...
2026-01-05T19:42:52.084+05:30  INFO 14607 --- [notification-service] [DiscoveryClient-HeartbeatExecutor-0] com.netflix.discovery.DiscoveryClient    : DiscoveryClient_NOTIFICATION-SERVICE/192.168.0.4:notification-service:8084 - registration status: 204
2026-01-05T19:45:10.707+05:30  INFO 14607 --- [notification-service] [AsyncResolver-bootstrap-executor-0] c.n.d.s.r.aws.ConfigClusterResolver      : Resolving eureka endpoints via configuration
2026-01-05T19:50:10.728+05:30  INFO 14607 --- [notification-service] [AsyncResolver-bootstrap-executor-0] c.n.d.s.r.aws.ConfigClusterResolver      : Resolving eureka endpoints via configuration
2026-01-05T19:55:10.739+05:30  INFO 14607 --- [notification-service] [AsyncResolver-bootstrap-executor-0] c.n.d.s.r.aws.ConfigClusterResolver      : Resolving eureka endpoints via configuration
